dataset,file,sha256,download_timestamp,source_url,size_bytes
noaa,C:\Users\hp\Downloads\SIH2026\data\raw\noaa\oni_v6_page.html,d50016d2e7eec088b66906d4b8d2c7dd770cbe74a85068059fcff1efab27ac6a,2026-09-02T09:15:53Z,https://www.cpc.ncep.noaa.gov/products/analysis_monitoring/enso/oni/v6/,163520
noaa,C:\Users\hp\Downloads\SIH2026\data\raw\noaa\oni.ascii.txt,8392023dd50a7ba6ca3b91d875912af491c64397df0e171803955fe9e5d2e3f9,2026-09-02T09:15:55Z,https://www.cpc.ncep.noaa.gov/data/indices/oni.ascii.txt,23894
nasa,C:\Users\hp\Downloads\SIH2026\data\raw\nasa\nasa_power_daily_T2M_b1_2015.csv,5ee0557baffaf54531f53edcc329a7ad3ae78b25aa0c10ccd873b12671108e24,2026-09-02T10:23:54Z,https://power.larc.nasa.gov/api/temporal/daily/regional?latitude-min=10.0&latitude-max=20.0&longitude-min=72.6&longitude-max=80.9&start=20150101&end=20151231&parameters=T2M&community=AG&format=CSV [final-fixed-cfg],2682170
nasa,C:\Users\hp\Downloads\SIH2026\data\raw\nasa\nasa_power_daily_T2M_b1_2016.csv,b156c291996f312bcd33864b0998db34ce515ac67270266a3639f3e4ea71bbfc,2026-09-02T10:23:54Z,https://power.larc.nasa.gov/api/temporal/daily/regional?latitude-min=10.0&latitude-max=20.0&longitude-min=72.6&longitude-max=80.9&start=20160101&end=20161231&parameters=T2M&community=AG&format=CSV [final-fixed-cfg],2689418
nasa,C:\Users\hp\Downloads\SIH2026\data\raw\nasa\nasa_power_daily_T2M_b1_2017.csv,549818b973a7ecf90c2ba38f702536975052e7761fddb0e2ef8997cfb0069ec8,2026-09-02T10:23:54Z,https://power.larc.nasa.gov/api/temporal/daily/regional?latitude-min=10.0&latitude-max=20.0&longitude-min=72.6&longitude-max=80.9&start=20170101&end=20171231&parameters=T2M&community=AG&format=CSV [final-fixed-cfg],2682099
nasa,C:\Users\hp\Downloads\SIH2026\data\raw\nasa\nasa_power_daily_T2M_b1_2018.csv,57ec7bb1a0120eb0f12efccb015095a35ada13102a8f0fe8002e54cda5157b8e,2026-09-02T10:23:54Z,https://power.larc.nasa.gov/api/temporal/daily/regional?latitude-min=10.0&latitude-max=20.0&longitude-min=72.6&longitude-max=80.9&start=20180101&end=20181231&parameters=T2M&community=AG&format=CSV [final-fixed-cfg],2682101
nasa,C:\Users\hp\Downloads\SIH2026\data\raw\nasa\nasa_power_daily_T2M_b1_2019.csv,6f5c91a6a090fbe66a342a3f0abd38b729b28230a95e6f9608e8dcd1fb4a360b,2026-09-02T10:23:54Z,https://power.larc.nasa.gov/api/temporal/daily/regional?latitude-min=10.0&latitude-max=20.0&longitude-min=72.6&longitude-max=80.9&start=20190101&end=20191231&parameters=T2M&community=AG&format=CSV [final-fixed-cfg],2681967
nasa,C:\Users\hp\Downloads\SIH2026\data\raw\nasa\nasa_power_daily_T2M_b1_2020.csv,2dfcc6bd6b575366a3c7b0933b2095863981219f0a07a30a96b2acfa462b201d,2026-09-02T10:23:54Z,https://power.larc.nasa.gov/api/temporal/daily/regional?latitude-min=10.0&latitude-max=20.0&longitude-min=72.6&longitude-max=80.9&start=20200101&end=20201231&parameters=T2M&community=AG&format=CSV [final-fixed-cfg],2689627
nasa,C:\Users\hp\Downloads\SIH2026\data\raw\nasa\nasa_power_daily_T2M_b1_2021.csv,b0aa3efc3dcab30434be61f9c97fb0098ed2c058166b14aa4f2abf33f9aff058,2026-09-02T10:23:54Z,https://power.larc.nasa.gov/api/temporal/daily/regional?latitude-min=10.0&latitude-max=20.0&longitude-min=72.6&longitude-max=80.9&start=20210101&end=20211231&parameters=T2M&community=AG&format=CSV [final-fixed-cfg],2682133
nasa,C:\Users\hp\Downloads\SIH2026\data\raw\nasa\nasa_power_daily_T2M_b1_2022.csv,bcdff78d27c02ad9db8f9bcdff4b223d5eaedadabf956567891ffd2d2c850167,2026-09-02T10:23:54Z,https://power.larc.nasa.gov/api/temporal/daily/regional?latitude-min=10.0&latitude-max=20.0&longitude-min=72.6&longitude-max=80.9&start=20220101&end=20221231&parameters=T2M&community=AG&format=CSV [final-fixed-cfg],2681968
nasa,C:\Users\hp\Downloads\SIH2026\data\raw\nasa\nasa_power_daily_T2M_b1_2023.csv,ce608d8c501b5d51c7e5cbb172ce37ad5d3ebb763142e594a1c6549a1be8f162,2026-09-02T10:23:54Z,https://power.larc.nasa.gov/api/temporal/daily/regional?latitude-min=10.0&latitude-max=20.0&longitude-min=72.6&longitude-max=80.9&start=20230101&end=20231231&parameters=T2M&community=AG&format=CSV [final-fixed-cfg],2682213
nasa,C:\Users\hp\Downloads\SIH2026\data\raw\nasa\nasa_power_daily_T2M_b1_2024.csv,e812bd98bf42a126582e66314f88523b6481997a8942722e3deb4e068181e2f6,2026-09-02T10:23:54Z,https://power.larc.nasa.gov/api/temporal/daily/regional?latitude-min=10.0&latitude-max=20.0&longitude-min=72.6&longitude-max=80.9&start=20240101&end=20241231&parameters=T2M&community=AG&format=CSV [final-fixed-cfg],2689356
nasa,C:\Users\hp\Downloads\SIH2026\data\raw\nasa\nasa_power_daily_T2M_b2_2015.csv,99b9fa7f32773a2df638d7d5a3884c7d2ba3c1a0e5ecd0b5f82b44cdd398e122,2026-09-02T10:23:54Z,https://power.larc.nasa.gov/api/temporal/daily/regional?latitude-min=20.0&latitude-max=22.0&longitude-min=72.6&longitude-max=80.9&start=20150101&end=20151231&parameters=T2M&community=AG&format=CSV [final-fixed-cfg],638933
nasa,C:\Users\hp\Downloads\SIH2026\data\raw\nasa\nasa_power_daily_T2M_b2_2016.csv,10daa979ff95f7bf275b342d191fc2ad8de20fd30ae95609c33182888c42bfcc,2026-09-02T10:23:54Z,https://power.larc.nasa.gov/api/temporal/daily/regional?latitude-min=20.0&latitude-max=22.0&longitude-min=72.6&longitude-max=80.9&start=20160101&end=20161231&parameters=T2M&community=AG&format=CSV [final-fixed-cfg],640725
nasa,C:\Users\hp\Downloads\SIH2026\data\raw\nasa\nasa_power_daily_T2M_b2_2017.csv,83a14ae5f5a3d777e3f92b9ea2a4c658bb77527530787e4ed833fe8aa691b082,2026-09-02T10:23:54Z,https://power.larc.nasa.gov/api/temporal/daily/regional?latitude-min=20.0&latitude-max=22.0&longitude-min=72.6&longitude-max=80.9&start=20170101&end=20171231&parameters=T2M&community=AG&format=CSV [final-fixed-cfg],638970
nasa,C:\Users\hp\Downloads\SIH2026\data\raw\nasa\nasa_power_daily_T2M_b2_2018.csv,690e63f0ddcd534158c25c0cabdcf9ee978445a4353104e6b7bddec117f932c0,2026-09-02T10:23:54Z,https://power.larc.nasa.gov/api/temporal/daily/regional?latitude-min=20.0&latitude-max=22.0&longitude-min=72.6&longitude-max=80.9&start=20180101&end=20181231&parameters=T2M&community=AG&format=CSV [final-fixed-cfg],638993
nasa,C:\Users\hp\Downloads\SIH2026\data\raw\nasa\nasa_power_daily_T2M_b2_2019.csv,605549e6efc65d473dabc53649decec44563fdd2dceea3e6a9622de3b3319bba,2026-09-02T10:23:54Z,https://power.larc.nasa.gov/api/temporal/daily/regional?latitude-min=20.0&latitude-max=22.0&longitude-min=72.6&longitude-max=80.9&start=20190101&end=20191231&parameters=T2M&community=AG&format=CSV [final-fixed-cfg],639008
nasa,C:\Users\hp\Downloads\SIH2026\data\raw\nasa\nasa_power_daily_T2M_b2_2020.csv,1049e5b750fdaa5093b46acac71ab6c7fe1e128a63a0285069c7c340f4f002be,2026-09-02T10:23:54Z,https://power.larc.nasa.gov/api/temporal/daily/regional?latitude-min=20.0&latitude-max=22.0&longitude-min=72.6&longitude-max=80.9&start=20200101&end=20201231&parameters=T2M&community=AG&format=CSV [final-fixed-cfg],640653
nasa,C:\Users\hp\Downloads\SIH2026\data\raw\nasa\nasa_power_daily_T2M_b2_2021.csv,de5d8b29fa73a3a6d3db27a452c2a390914bf7a2750725baf1718a467077ef9b,2026-09-02T10:23:54Z,https://power.larc.nasa.gov/api/temporal/daily/regional?latitude-min=20.0&latitude-max=22.0&longitude-min=72.6&longitude-max=80.9&start=20210101&end=20211231&parameters=T2M&community=AG&format=CSV [final-fixed-cfg],639036
nasa,C:\Users\hp\Downloads\SIH2026\data\raw\nasa\nasa_power_daily_T2M_b2_2022.csv,a1df8491f50cec96ea0f625e75a504c831de0ba4f04fa2b2271b9abcfa85e47f,2026-09-02T10:23:54Z,https://power.larc.nasa.gov/api/temporal/daily/regional?latitude-min=20.0&latitude-max=22.0&longitude-min=72.6&longitude-max=80.9&start=20220101&end=20221231&parameters=T2M&community=AG&format=CSV [final-fixed-cfg],638954
nasa,C:\Users\hp\Downloads\SIH2026\data\raw\nasa\nasa_power_daily_T2M_b2_2023.csv,61a0ba474ac8c96b35d87e42e5ea075873d6374635e4ad8a3a5dddc77e3f3e38,2026-09-02T10:23:54Z,https://power.larc.nasa.gov/api/temporal/daily/regional?latitude-min=20.0&latitude-max=22.0&longitude-min=72.6&longitude-max=80.9&start=20230101&end=20231231&parameters=T2M&community=AG&format=CSV [final-fixed-cfg],638923
nasa,C:\Users\hp\Downloads\SIH2026\data\raw\nasa\nasa_power_daily_T2M_b2_2024.csv,fc764bd80e3273e20eee96d459360341491dc49e0bc5bdd22edc36b6b27c3076,2026-09-02T10:23:54Z,https://power.larc.nasa.gov/api/temporal/daily/regional?latitude-min=20.0&latitude-max=22.0&longitude-min=72.6&longitude-max=80.9&start=20240101&end=20241231&parameters=T2M&community=AG&format=CSV [final-fixed-cfg],640661
nasa,C:\Users\hp\Downloads\SIH2026\data\raw\nasa\nasa_power_daily_T2MDEW_b1_2015.csv,4e7edea2fa7649c17dd0566dc6dbc8a9be29097a1c0f1d506f0759245938fa1d,2026-09-02T10:23:54Z,https://power.larc.nasa.gov/api/temporal/daily/regional?latitude-min=10.0&latitude-max=20.0&longitude-min=72.6&longitude-max=80.9&start=20150101&end=20151231&parameters=T2MDEW&community=AG&format=CSV [final-fixed-cfg],2673591
nasa,C:\Users\hp\Downloads\SIH2026\data\raw\nasa\nasa_power_daily_T2MDEW_b1_2016.csv,fa07021c7035fa6901fd131877acb0be9b4e45838bf680645cbcc8b49d1d92de,2026-09-02T10:23:54Z,https://power.larc.nasa.gov/api/temporal/daily/regional?latitude-min=10.0&latitude-max=20.0&longitude-min=72.6&longitude-max=80.9&start=20160101&end=20161231&parameters=T2MDEW&community=AG&format=CSV [final-fixed-cfg],2678420
nasa,C:\Users\hp\Downloads\SIH2026\data\raw\nasa\nasa_power_daily_T2MDEW_b1_2017.csv,a905c072ccb59eba30b10ee7e571ff7cd948e4d99500ae758011256ead79d687,2026-09-02T10:23:54Z,https://power.larc.nasa.gov/api/temporal/daily/regional?latitude-min=10.0&latitude-max=20.0&longitude-min=72.6&longitude-max=80.9&start=20170101&end=20171231&parameters=T2MDEW&community=AG&format=CSV [final-fixed-cfg],2669144
nasa,C:\Users\hp\Downloads\SIH2026\data\raw\nasa\nasa_power_daily_T2MDEW_b1_2018.csv,24cdc0d85d0c808ff1366b9caae5148b0ac065c81eff53f2d2b237168f444c28,2026-09-02T10:23:54Z,https://power.larc.nasa.gov/api/temporal/daily/regional?latitude-min=10.0&latitude-max=20.0&longitude-min=72.6&longitude-max=80.9&start=20180101&end=20181231&parameters=T2MDEW&community=AG&format=CSV [final-fixed-cfg],2669570
nasa,C:\Users\hp\Downloads\SIH2026\data\raw\nasa\nasa_power_daily_T2MDEW_b1_2019.csv,9e2704bfe97aa468d56ab56d172fa53a24425bca9cce102546ff897b01404906,2026-09-02T10:23:54Z,https://power.larc.nasa.gov/api/temporal/daily/regional?latitude-min=10.0&latitude-max=20.0&longitude-min=72.6&longitude-max=80.9&start=20190101&end=20191231&parameters=T2MDEW&community=AG&format=CSV [final-fixed-cfg],2671904
nasa,C:\Users\hp\Downloads\SIH2026\data\raw\nasa\nasa_power_daily_T2MDEW_b1_2020.csv,09653399effcea15822273683de3ae95816017a1b9aad94fae092b0220b384d1,2026-09-02T10:23:54Z,https://power.larc.nasa.gov/api/temporal/daily/regional?latitude-min=10.0&latitude-max=20.0&longitude-min=72.6&longitude-max=80.9&start=20200101&end=20201231&parameters=T2MDEW&community=AG&format=CSV [final-fixed-cfg],2684645
nasa,C:\Users\hp\Downloads\SIH2026\data\raw\nasa\nasa_power_daily_T2MDEW_b1_2021.csv,70b1d544bf3a233441d6bdbe92c307acafbfb871f5f933cf6ee10563ff8b620d,2026-09-02T10:23:54Z,https://power.larc.nasa.gov/api/temporal/daily/regional?latitude-min=10.0&latitude-max=20.0&longitude-min=72.6&longitude-max=80.9&start=20210101&end=20211231&parameters=T2MDEW&community=AG&format=CSV [final-fixed-cfg],2675246
nasa,C:\Users\hp\Downloads\SIH2026\data\raw\nasa\nasa_power_daily_T2MDEW_b1_2022.csv,8cc7c9d9fc604cdd9137eda4a89d2a04425d9d83e0a67e9086a358d076da5d48,2026-09-02T10:23:54Z,https://power.larc.nasa.gov/api/temporal/daily/regional?latitude-min=10.0&latitude-max=20.0&longitude-min=72.6&longitude-max=80.9&start=20220101&end=20221231&parameters=T2MDEW&community=AG&format=CSV [final-fixed-cfg],2675636
nasa,C:\Users\hp\Downloads\SIH2026\data\raw\nasa\nasa_power_daily_T2MDEW_b1_2023.csv,d42bd9cc46347a0a5e9f4af048aee33951497373ab07436b2c684055ee70da21,2026-09-02T10:23:54Z,https://power.larc.nasa.gov/api/temporal/daily/regional?latitude-min=10.0&latitude-max=20.0&longitude-min=72.6&longitude-max=80.9&start=20230101&end=20231231&parameters=T2MDEW&community=AG&format=CSV [final-fixed-cfg],2674058
nasa,C:\Users\hp\Downloads\SIH2026\data\raw\nasa\nasa_power_daily_T2MDEW_b1_2024.csv,f90512ea9d584c13b0b6352905d7d7ef1e0ed40977da13c5fbe89a912c71f429,2026-09-02T10:23:54Z,https://power.larc.nasa.gov/api/temporal/daily/regional?latitude-min=10.0&latitude-max=20.0&longitude-min=72.6&longitude-max=80.9&start=20240101&end=20241231&parameters=T2MDEW&community=AG&format=CSV [final-fixed-cfg],2682984
nasa,C:\Users\hp\Downloads\SIH2026\data\raw\nasa\nasa_power_daily_T2MDEW_b2_2015.csv,d475c90128e7c07d6d51afa183b70d93377d5923d92e28ca692a6dc135166c55,2026-09-02T10:23:54Z,https://power.larc.nasa.gov/api/temporal/daily/regional?latitude-min=20.0&latitude-max=22.0&longitude-min=72.6&longitude-max=80.9&start=20150101&end=20151231&parameters=T2MDEW&community=AG&format=CSV [final-fixed-cfg],633147
nasa,C:\Users\hp\Downloads\SIH2026\data\raw\nasa\nasa_power_daily_T2MDEW_b2_2016.csv,654a6988483c3217334f92a428e019148e50d4bbb944836dda06c6284bde5086,2026-09-02T10:23:54Z,https://power.larc.nasa.gov/api/temporal/daily/regional?latitude-min=20.0&latitude-max=22.0&longitude-min=72.6&longitude-max=80.9&start=20160101&end=20161231&parameters=T2MDEW&community=AG&format=CSV [final-fixed-cfg],633701
nasa,C:\Users\hp\Downloads\SIH2026\data\raw\nasa\nasa_power_daily_T2MDEW_b2_2017.csv,86d33f1bb92ba06e2237a146d7fe2fa5baa7923a04fe781da3a2fb249e86cf28,2026-09-02T10:23:54Z,https://power.larc.nasa.gov/api/temporal/daily/regional?latitude-min=20.0&latitude-max=22.0&longitude-min=72.6&longitude-max=80.9&start=20170101&end=20171231&parameters=T2MDEW&community=AG&format=CSV [final-fixed-cfg],631671
nasa,C:\Users\hp\Downloads\SIH2026\data\raw\nasa\nasa_power_daily_T2MDEW_b2_2018.csv,9d3e7c33541afae5a8337f95825dd70acd33d61db51a331b0834085a9c96063c,2026-09-02T10:23:54Z,https://power.larc.nasa.gov/api/temporal/daily/regional?latitude-min=20.0&latitude-max=22.0&longitude-min=72.6&longitude-max=80.9&start=20180101&end=20181231&parameters=T2MDEW&community=AG&format=CSV [final-fixed-cfg],630865
nasa,C:\Users\hp\Downloads\SIH2026\data\raw\nasa\nasa_power_daily_T2MDEW_b2_2019.csv,7968aaac21038bfb1d7d180df5fc71966da3b51dfccff760865232c6a8fdddc3,2026-09-02T10:23:54Z,https://power.larc.nasa.gov/api/temporal/daily/regional?latitude-min=20.0&latitude-max=22.0&longitude-min=72.6&longitude-max=80.9&start=20190101&end=20191231&parameters=T2MDEW&community=AG&format=CSV [final-fixed-cfg],633158
nasa,C:\Users\hp\Downloads\SIH2026\data\raw\nasa\nasa_power_daily_T2MDEW_b2_2020.csv,56afaf1a0fbffb13508a61ac532595c6a21a4608748e96cb378f3507f832144e,2026-09-02T10:23:54Z,https://power.larc.nasa.gov/api/temporal/daily/regional?latitude-min=20.0&latitude-max=22.0&longitude-min=72.6&longitude-max=80.9&start=20200101&end=20201231&parameters=T2MDEW&community=AG&format=CSV [final-fixed-cfg],635365
nasa,C:\Users\hp\Downloads\SIH2026\data\raw\nasa\nasa_power_daily_T2MDEW_b2_2021.csv,c5d31ceffbda3c6fa83a0d239f68fecb505dca5bb487b70b9d31088e860aba50,2026-09-02T10:23:54Z,https://power.larc.nasa.gov/api/temporal/daily/regional?latitude-min=20.0&latitude-max=22.0&longitude-min=72.6&longitude-max=80.9&start=20210101&end=20211231&parameters=T2MDEW&community=AG&format=CSV [final-fixed-cfg],634024
nasa,C:\Users\hp\Downloads\SIH2026\data\raw\nasa\nasa_power_daily_T2MDEW_b2_2022.csv,044a4ab60dd97a12fab4d8cb98a7aafa3a73250eb95b549633d44dd76b15a1fe,2026-09-02T10:23:54Z,https://power.larc.nasa.gov/api/temporal/daily/regional?latitude-min=20.0&latitude-max=22.0&longitude-min=72.6&longitude-max=80.9&start=20220101&end=20221231&parameters=T2MDEW&community=AG&format=CSV [final-fixed-cfg],632777
nasa,C:\Users\hp\Downloads\SIH2026\data\raw\nasa\nasa_power_daily_T2MDEW_b2_2023.csv,bc6e0aa7e8e5c1ed58c34c85341f6e3286c01f9acc2cd38efc4a6a83983b36b1,2026-09-02T10:23:54Z,https://power.larc.nasa.gov/api/temporal/daily/regional?latitude-min=20.0&latitude-max=22.0&longitude-min=72.6&longitude-max=80.9&start=20230101&end=20231231&parameters=T2MDEW&community=AG&format=CSV [final-fixed-cfg],634490
nasa,C:\Users\hp\Downloads\SIH2026\data\raw\nasa\nasa_power_daily_T2MDEW_b2_2024.csv,00ac26ecdfca490991559d8983937f7dddb947e9cc024614f7df14b5052843f0,2026-09-02T10:23:54Z,https://power.larc.nasa.gov/api/temporal/daily/regional?latitude-min=20.0&latitude-max=22.0&longitude-min=72.6&longitude-max=80.9&start=20240101&end=20241231&parameters=T2MDEW&community=AG&format=CSV [final-fixed-cfg],635700
nasa,C:\Users\hp\Downloads\SIH2026\data\raw\nasa\nasa_power_daily_T2M_MAX_b1_2015.csv,9a09071cb55a331aa5b14cb9c134f9b20cef480d4a52254e864d6b673d6c0da2,2026-09-02T10:23:54Z,https://power.larc.nasa.gov/api/temporal/daily/regional?latitude-min=10.0&latitude-max=20.0&longitude-min=72.6&longitude-max=80.9&start=20150101&end=20151231&parameters=T2M_MAX&community=AG&format=CSV [final-fixed-cfg],2682003
nasa,C:\Users\hp\Downloads\SIH2026\data\raw\nasa\nasa_power_daily_T2M_MAX_b1_2016.csv,1a962e3d0a4b17f1eefc8cefd8a024656a7ea411f4b115f6a9b6ce2e9792c4f3,2026-09-02T10:23:54Z,https://power.larc.nasa.gov/api/temporal/daily/regional?latitude-min=10.0&latitude-max=20.0&longitude-min=72.6&longitude-max=80.9&start=20160101&end=20161231&parameters=T2M_MAX&community=AG&format=CSV [final-fixed-cfg],2689545
nasa,C:\Users\hp\Downloads\SIH2026\data\raw\nasa\nasa_power_daily_T2M_MAX_b1_2017.csv,42fead361c9e27eb2ba90660595469ac130a5070ec4813026e5b8142e4683a17,2026-09-02T10:23:54Z,https://power.larc.nasa.gov/api/temporal/daily/regional?latitude-min=10.0&latitude-max=20.0&longitude-min=72.6&longitude-max=80.9&start=20170101&end=20171231&parameters=T2M_MAX&community=AG&format=CSV [final-fixed-cfg],2682032
nasa,C:\Users\hp\Downloads\SIH2026\data\raw\nasa\nasa_power_daily_T2M_MAX_b1_2018.csv,cb214de613af858c20357d3b6b485087a35df9730a031393ad8d8a30c988081e,2026-09-02T10:23:54Z,https://power.larc.nasa.gov/api/temporal/daily/regional?latitude-min=10.0&latitude-max=20.0&longitude-min=72.6&longitude-max=80.9&start=20180101&end=20181231&parameters=T2M_MAX&community=AG&format=CSV [final-fixed-cfg],2682247
nasa,C:\Users\hp\Downloads\SIH2026\data\raw\nasa\nasa_power_daily_T2M_MAX_b1_2019.csv,a42072c66cef30bb6715c37da9a4bceec1e6ac21a47b3937fda50d910236f81c,2026-09-02T10:23:54Z,https://power.larc.nasa.gov/api/temporal/daily/regional?latitude-min=10.0&latitude-max=20.0&longitude-min=72.6&longitude-max=80.9&start=20190101&end=20191231&parameters=T2M_MAX&community=AG&format=CSV [final-fixed-cfg],2682227
nasa,C:\Users\hp\Downloads\SIH2026\data\raw\nasa\nasa_power_daily_T2M_MAX_b1_2020.csv,c1488c326054ca40fda585cb8133f18ddedd26ef63b27c806a48ab692964d190,2026-09-02T10:23:54Z,https://power.larc.nasa.gov/api/temporal/daily/regional?latitude-min=10.0&latitude-max=20.0&longitude-min=72.6&longitude-max=80.9&start=20200101&end=20201231&parameters=T2M_MAX&community=AG&format=CSV [final-fixed-cfg],2689467
nasa,C:\Users\hp\Downloads\SIH2026\data\raw\nasa\nasa_power_daily_T2M_MAX_b1_2021.csv,7c960d60b0e404b03d439da2ec76e0ebb0aa397c8f9d98f1da785e1725a66ccd,2026-09-02T10:23:54Z,https://power.larc.nasa.gov/api/temporal/daily/regional?latitude-min=10.0&latitude-max=20.0&longitude-min=72.6&longitude-max=80.9&start=20210101&end=20211231&parameters=T2M_MAX&community=AG&format=CSV [final-fixed-cfg],2681999
nasa,C:\Users\hp\Downloads\SIH2026\data\raw\nasa\nasa_power_daily_T2M_MAX_b1_2022.csv,96b0e1ec730b109b963e799caa3e679252831ae1cf5b485186f8799d65c3aa01,2026-09-02T10:23:55Z,https://power.larc.nasa.gov/api/temporal/daily/regional?latitude-min=10.0&latitude-max=20.0&longitude-min=72.6&longitude-max=80.9&start=20220101&end=20221231&parameters=T2M_MAX&community=AG&format=CSV [final-fixed-cfg],2682027
nasa,C:\Users\hp\Downloads\SIH2026\data\raw\nasa\nasa_power_daily_T2M_MAX_b1_2023.csv,a6c1f7cfecb96a9016b8026882b0de91e1b99592200d6723599b9eb69ec334de,2026-09-02T10:23:55Z,https://power.larc.nasa.gov/api/temporal/daily/regional?latitude-min=10.0&latitude-max=20.0&longitude-min=72.6&longitude-max=80.9&start=20230101&end=20231231&parameters=T2M_MAX&community=AG&format=CSV [final-fixed-cfg],2682029
nasa,C:\Users\hp\Downloads\SIH2026\data\raw\nasa\nasa_power_daily_T2M_MAX_b1_2024.csv,8eebd4e2f5b70c57f94eb96a1f7033cf11eb996d141205c4a0c8a818ab475cbf,2026-09-02T10:23:55Z,https://power.larc.nasa.gov/api/temporal/daily/regional?latitude-min=10.0&latitude-max=20.0&longitude-min=72.6&longitude-max=80.9&start=20240101&end=20241231&parameters=T2M_MAX&community=AG&format=CSV [final-fixed-cfg],2689612
nasa,C:\Users\hp\Downloads\SIH2026\data\raw\nasa\nasa_power_daily_T2M_MAX_b2_2015.csv,7134ae774400aa281e37bd7d90edb8ac58fd0619ec979d9f8ebb0a05a6d17c9d,2026-09-02T10:23:55Z,https://power.larc.nasa.gov/api/temporal/daily/regional?latitude-min=20.0&latitude-max=22.0&longitude-min=72.6&longitude-max=80.9&start=20150101&end=20151231&parameters=T2M_MAX&community=AG&format=CSV [final-fixed-cfg],638940
nasa,C:\Users\hp\Downloads\SIH2026\data\raw\nasa\nasa_power_daily_T2M_MAX_b2_2016.csv,065ab8309e6c7f0db1ded0854c86fe364173861ce8a0e2a699bf0fd6a77144b6,2026-09-02T10:23:55Z,https://power.larc.nasa.gov/api/temporal/daily/regional?latitude-min=20.0&latitude-max=22.0&longitude-min=72.6&longitude-max=80.9&start=20160101&end=20161231&parameters=T2M_MAX&community=AG&format=CSV [final-fixed-cfg],640682
nasa,C:\Users\hp\Downloads\SIH2026\data\raw\nasa\nasa_power_daily_T2M_MAX_b2_2017.csv,fc328cb1929022832af6bd96145bc540d70b253ecfc68053361831b161555ee2,2026-09-02T10:23:55Z,https://power.larc.nasa.gov/api/temporal/daily/regional?latitude-min=20.0&latitude-max=22.0&longitude-min=72.6&longitude-max=80.9&start=20170101&end=20171231&parameters=T2M_MAX&community=AG&format=CSV [final-fixed-cfg],638932
nasa,C:\Users\hp\Downloads\SIH2026\data\raw\nasa\nasa_power_daily_T2M_MAX_b2_2018.csv,26758a1232b979d7fb237af7bc63e69044de15af86f5a1cfde06af9d36916ee5,2026-09-02T10:23:55Z,https://power.larc.nasa.gov/api/temporal/daily/regional?latitude-min=20.0&latitude-max=22.0&longitude-min=72.6&longitude-max=80.9&start=20180101&end=20181231&parameters=T2M_MAX&community=AG&format=CSV [final-fixed-cfg],638970
nasa,C:\Users\hp\Downloads\SIH2026\data\raw\nasa\nasa_power_daily_T2M_MAX_b2_2019.csv,dc84ae38724dca92479a4217d085ad375e9fd6efec8a280c714bc62b65fb11c4,2026-09-02T10:23:55Z,https://power.larc.nasa.gov/api/temporal/daily/regional?latitude-min=20.0&latitude-max=22.0&longitude-min=72.6&longitude-max=80.9&start=20190101&end=20191231&parameters=T2M_MAX&community=AG&format=CSV [final-fixed-cfg],638873
nasa,C:\Users\hp\Downloads\SIH2026\data\raw\nasa\nasa_power_daily_T2M_MAX_b2_2020.csv,a98045984f2dbb73a2cdbb4718a0ead81f3660ac8b930bf5869fa75780e481e2,2026-09-02T10:23:55Z,https://power.larc.nasa.gov/api/temporal/daily/regional?latitude-min=20.0&latitude-max=22.0&longitude-min=72.6&longitude-max=80.9&start=20200101&end=20201231&parameters=T2M_MAX&community=AG&format=CSV [final-fixed-cfg],640798
nasa,C:\Users\hp\Downloads\SIH2026\data\raw\nasa\nasa_power_daily_T2M_MAX_b2_2021.csv,49397fe5fa421fa2cca94c9745d23f0b61a0822bc52bfbfc454637497defe793,2026-09-02T10:23:55Z,https://power.larc.nasa.gov/api/temporal/daily/regional?latitude-min=20.0&latitude-max=22.0&longitude-min=72.6&longitude-max=80.9&start=20210101&end=20211231&parameters=T2M_MAX&community=AG&format=CSV [final-fixed-cfg],638960
nasa,C:\Users\hp\Downloads\SIH2026\data\raw\nasa\nasa_power_daily_T2M_MAX_b2_2022.csv,81aa725aa37557d257bb544b04a5a795aba5a45110010fbd544eba9e2d8f5163,2026-09-02T10:23:55Z,https://power.larc.nasa.gov/api/temporal/daily/regional?latitude-min=20.0&latitude-max=22.0&longitude-min=72.6&longitude-max=80.9&start=20220101&end=20221231&parameters=T2M_MAX&community=AG&format=CSV [final-fixed-cfg],638982
nasa,C:\Users\hp\Downloads\SIH2026\data\raw\nasa\nasa_power_daily_T2M_MAX_b2_2023.csv,074a8490b3c7abec4272c6bddc3631d1d211c79d4840bf2de6bec3c7e04eae70,2026-09-02T10:23:55Z,https://power.larc.nasa.gov/api/temporal/daily/regional?latitude-min=20.0&latitude-max=22.0&longitude-min=72.6&longitude-max=80.9&start=20230101&end=20231231&parameters=T2M_MAX&community=AG&format=CSV [final-fixed-cfg],638839
nasa,C:\Users\hp\Downloads\SIH2026\data\raw\nasa\nasa_power_daily_T2M_MAX_b2_2024.csv,305d44b4fcd1d153d40c86dee0ec8681498e1be5868ca7319ab688c54795427b,2026-09-02T10:23:55Z,https://power.larc.nasa.gov/api/temporal/daily/regional?latitude-min=20.0&latitude-max=22.0&longitude-min=72.6&longitude-max=80.9&start=20240101&end=20241231&parameters=T2M_MAX&community=AG&format=CSV [final-fixed-cfg],640732
nasa,C:\Users\hp\Downloads\SIH2026\data\raw\nasa\nasa_power_daily_T2M_MIN_b1_2015.csv,e96e5c69c133f87c269022c968789f3891b0ae81a3cb71948c12b1f3fab19798,2026-09-02T10:23:55Z,https://power.larc.nasa.gov/api/temporal/daily/regional?latitude-min=10.0&latitude-max=20.0&longitude-min=72.6&longitude-max=80.9&start=20150101&end=20151231&parameters=T2M_MIN&community=AG&format=CSV [final-fixed-cfg],2681719
nasa,C:\Users\hp\Downloads\SIH2026\data\raw\nasa\nasa_power_daily_T2M_MIN_b1_2016.csv,9bd95702c3801322095122b633bf50052b1366cbe2c3f5c61a7052751c959d46,2026-09-02T10:23:55Z,https://power.larc.nasa.gov/api/temporal/daily/regional?latitude-min=10.0&latitude-max=20.0&longitude-min=72.6&longitude-max=80.9&start=20160101&end=20161231&parameters=T2M_MIN&community=AG&format=CSV [final-fixed-cfg],2689451
nasa,C:\Users\hp\Downloads\SIH2026\data\raw\nasa\nasa_power_daily_T2M_MIN_b1_2017.csv,302b8fbd96be7be6318100525117a842916ac6d64db8f61fd26687bddd8300a2,2026-09-02T10:23:55Z,https://power.larc.nasa.gov/api/temporal/daily/regional?latitude-min=10.0&latitude-max=20.0&longitude-min=72.6&longitude-max=80.9&start=20170101&end=20171231&parameters=T2M_MIN&community=AG&format=CSV [final-fixed-cfg],2681914
nasa,C:\Users\hp\Downloads\SIH2026\data\raw\nasa\nasa_power_daily_T2M_MIN_b1_2018.csv,f39ba1a082377655060268e31285ea02119dde71cf863bf5a653381f3b6e21c9,2026-09-02T10:23:55Z,https://power.larc.nasa.gov/api/temporal/daily/regional?latitude-min=10.0&latitude-max=20.0&longitude-min=72.6&longitude-max=80.9&start=20180101&end=20181231&parameters=T2M_MIN&community=AG&format=CSV [final-fixed-cfg],2681661
nasa,C:\Users\hp\Downloads\SIH2026\data\raw\nasa\nasa_power_daily_T2M_MIN_b1_2019.csv,59d94738e60bc2c191e15fd33d9b7b6f92b1c16f139430177fb2bcf9f410e20e,2026-09-02T10:23:55Z,https://power.larc.nasa.gov/api/temporal/daily/regional?latitude-min=10.0&latitude-max=20.0&longitude-min=72.6&longitude-max=80.9&start=20190101&end=20191231&parameters=T2M_MIN&community=AG&format=CSV [final-fixed-cfg],2681619
nasa,C:\Users\hp\Downloads\SIH2026\data\raw\nasa\nasa_power_daily_T2M_MIN_b1_2020.csv,97517319306e85de877d29b0b8e48b82fbc05cab623ea6345b722685f79ef625,2026-09-02T10:23:55Z,https://power.larc.nasa.gov/api/temporal/daily/regional?latitude-min=10.0&latitude-max=20.0&longitude-min=72.6&longitude-max=80.9&start=20200101&end=20201231&parameters=T2M_MIN&community=AG&format=CSV [final-fixed-cfg],2689301
nasa,C:\Users\hp\Downloads\SIH2026\data\raw\nasa\nasa_power_daily_T2M_MIN_b1_2021.csv,efd5ca3f82ab95a3532666730858a190aa9a913d9b1e780c8bb503ca9baf00f7,2026-09-02T10:23:55Z,https://power.larc.nasa.gov/api/temporal/daily/regional?latitude-min=10.0&latitude-max=20.0&longitude-min=72.6&longitude-max=80.9&start=20210101&end=20211231&parameters=T2M_MIN&community=AG&format=CSV [final-fixed-cfg],2682022
nasa,C:\Users\hp\Downloads\SIH2026\data\raw\nasa\nasa_power_daily_T2M_MIN_b1_2022.csv,7f150d346740c7edcac63633f9a67742a03169b06400cdcbe99f2073fc1a74d4,2026-09-02T10:23:55Z,https://power.larc.nasa.gov/api/temporal/daily/regional?latitude-min=10.0&latitude-max=20.0&longitude-min=72.6&longitude-max=80.9&start=20220101&end=20221231&parameters=T2M_MIN&community=AG&format=CSV [final-fixed-cfg],2681616
nasa,C:\Users\hp\Downloads\SIH2026\data\raw\nasa\nasa_power_daily_T2M_MIN_b1_2023.csv,03c51f6b3db653ccd617d8706ca315b7969cd5717ba544b1835a9e3491fa1c2e,2026-09-02T10:23:55Z,https://power.larc.nasa.gov/api/temporal/daily/regional?latitude-min=10.0&latitude-max=20.0&longitude-min=72.6&longitude-max=80.9&start=20230101&end=20231231&parameters=T2M_MIN&community=AG&format=CSV [final-fixed-cfg],2681873
nasa,C:\Users\hp\Downloads\SIH2026\data\raw\nasa\nasa_power_daily_T2M_MIN_b1_2024.csv,dc405b1d4a494cb057ffcd5728e030899c650da315f8ab6682c32c70cd6f46a4,2026-09-02T10:23:55Z,https://power.larc.nasa.gov/api/temporal/daily/regional?latitude-min=10.0&latitude-max=20.0&longitude-min=72.6&longitude-max=80.9&start=20240101&end=20241231&parameters=T2M_MIN&community=AG&format=CSV [final-fixed-cfg],2689171
nasa,C:\Users\hp\Downloads\SIH2026\data\raw\nasa\nasa_power_daily_T2M_MIN_b2_2015.csv,9775a8a51b7fab3089a8d35bd19052eae84b0b4c5ed193b6ff9f56bcfde3dce2,2026-09-02T10:23:55Z,https://power.larc.nasa.gov/api/temporal/daily/regional?latitude-min=20.0&latitude-max=22.0&longitude-min=72.6&longitude-max=80.9&start=20150101&end=20151231&parameters=T2M_MIN&community=AG&format=CSV [final-fixed-cfg],638163
nasa,C:\Users\hp\Downloads\SIH2026\data\raw\nasa\nasa_power_daily_T2M_MIN_b2_2016.csv,b436b8479e1a0280b3e23fb11360c011c46c9061bc9ea898d8fe040bfcd21111,2026-09-02T10:23:55Z,https://power.larc.nasa.gov/api/temporal/daily/regional?latitude-min=20.0&latitude-max=22.0&longitude-min=72.6&longitude-max=80.9&start=20160101&end=20161231&parameters=T2M_MIN&community=AG&format=CSV [final-fixed-cfg],640080
nasa,C:\Users\hp\Downloads\SIH2026\data\raw\nasa\nasa_power_daily_T2M_MIN_b2_2017.csv,ddb3842151a4c55d6fd47675a314c6da0c87c4048598fbc2d01fd16a44f3dad7,2026-09-02T10:23:55Z,https://power.larc.nasa.gov/api/temporal/daily/regional?latitude-min=20.0&latitude-max=22.0&longitude-min=72.6&longitude-max=80.9&start=20170101&end=20171231&parameters=T2M_MIN&community=AG&format=CSV [final-fixed-cfg],638525
nasa,C:\Users\hp\Downloads\SIH2026\data\raw\nasa\nasa_power_daily_T2M_MIN_b2_2018.csv,fe13a0e24fae04904774a942eabe3a649da2c9a9ebe9ff96013e07b6b047411d,2026-09-02T10:23:55Z,https://power.larc.nasa.gov/api/temporal/daily/regional?latitude-min=20.0&latitude-max=22.0&longitude-min=72.6&longitude-max=80.9&start=20180101&end=20181231&parameters=T2M_MIN&community=AG&format=CSV [final-fixed-cfg],638213
nasa,C:\Users\hp\Downloads\SIH2026\data\raw\nasa\nasa_power_daily_T2M_MIN_b2_2019.csv,2e2c77e1663accc6fb216c25ab2e359af218d29ae86c398df8667fc1580a8145,2026-09-02T10:23:55Z,https://power.larc.nasa.gov/api/temporal/daily/regional?latitude-min=20.0&latitude-max=22.0&longitude-min=72.6&longitude-max=80.9&start=20190101&end=20191231&parameters=T2M_MIN&community=AG&format=CSV [final-fixed-cfg],637881
nasa,C:\Users\hp\Downloads\SIH2026\data\raw\nasa\nasa_power_daily_T2M_MIN_b2_2020.csv,9e20977f7653efba5b022025d9141074f677a98e0b9e967a131322b03e8176eb,2026-09-02T10:23:55Z,https://power.larc.nasa.gov/api/temporal/daily/regional?latitude-min=20.0&latitude-max=22.0&longitude-min=72.6&longitude-max=80.9&start=20200101&end=20201231&parameters=T2M_MIN&community=AG&format=CSV [final-fixed-cfg],639781
nasa,C:\Users\hp\Downloads\SIH2026\data\raw\nasa\nasa_power_daily_T2M_MIN_b2_2021.csv,ef8619790907acc44f7e49bafedebcfc3aaf36cb6a140bf429f6cf06c2c1c80e,2026-09-02T10:23:55Z,https://power.larc.nasa.gov/api/temporal/daily/regional?latitude-min=20.0&latitude-max=22.0&longitude-min=72.6&longitude-max=80.9&start=20210101&end=20211231&parameters=T2M_MIN&community=AG&format=CSV [final-fixed-cfg],638659
nasa,C:\Users\hp\Downloads\SIH2026\data\raw\nasa\nasa_power_daily_T2M_MIN_b2_2022.csv,70bc733a47cb7d3de1cba403610ef5a09f148a6c44e3a75cc7dcf701e56613a3,2026-09-02T10:23:55Z,https://power.larc.nasa.gov/api/temporal/daily/regional?latitude-min=20.0&latitude-max=22.0&longitude-min=72.6&longitude-max=80.9&start=20220101&end=20221231&parameters=T2M_MIN&community=AG&format=CSV [final-fixed-cfg],638018
nasa,C:\Users\hp\Downloads\SIH2026\data\raw\nasa\nasa_power_daily_T2M_MIN_b2_2023.csv,6a907a1ced881e4c5044ea87dd8554b1764dfb6aaf3fe39a02a3967d55fa015c,2026-09-02T10:23:55Z,https://power.larc.nasa.gov/api/temporal/daily/regional?latitude-min=20.0&latitude-max=22.0&longitude-min=72.6&longitude-max=80.9&start=20230101&end=20231231&parameters=T2M_MIN&community=AG&format=CSV [final-fixed-cfg],638303
nasa,C:\Users\hp\Downloads\SIH2026\data\raw\nasa\nasa_power_daily_T2M_MIN_b2_2024.csv,985124a065f1d48e03e0573d1a833553e2b18fca5aafbc4874bbe03135dd9f11,2026-09-02T10:23:55Z,https://power.larc.nasa.gov/api/temporal/daily/regional?latitude-min=20.0&latitude-max=22.0&longitude-min=72.6&longitude-max=80.9&start=20240101&end=20241231&parameters=T2M_MIN&community=AG&format=CSV [final-fixed-cfg],639873
nasa,C:\Users\hp\Downloads\SIH2026\data\raw\nasa\nasa_power_daily_PRECTOTCORR_b1_2015.csv,30960f605d2a34eda26ff53cd10baf16dbc384ba88575f221bd8eed1782adf6a,2026-09-02T10:23:55Z,https://power.larc.nasa.gov/api/temporal/daily/regional?latitude-min=10.0&latitude-max=20.0&longitude-min=72.6&longitude-max=80.9&start=20150101&end=20151231&parameters=PRECTOTCORR&community=AG&format=CSV [final-fixed-cfg],2562303
nasa,C:\Users\hp\Downloads\SIH2026\data\raw\nasa\nasa_power_daily_PRECTOTCORR_b1_2016.csv,38a619ebeb1185ccb4bea1afec29a6e2ad244f55e2128512342bd08cda9b578c,2026-09-02T10:23:55Z,https://power.larc.nasa.gov/api/temporal/daily/regional?latitude-min=10.0&latitude-max=20.0&longitude-min=72.6&longitude-max=80.9&start=20160101&end=20161231&parameters=PRECTOTCORR&community=AG&format=CSV [final-fixed-cfg],2564359
nasa,C:\Users\hp\Downloads\SIH2026\data\raw\nasa\nasa_power_daily_PRECTOTCORR_b1_2017.csv,eee7b08326601caab4923b8c1d56ea4dc451f169d3838d4384aec20dbe43bc29,2026-09-02T10:23:55Z,https://power.larc.nasa.gov/api/temporal/daily/regional?latitude-min=10.0&latitude-max=20.0&longitude-min=72.6&longitude-max=80.9&start=20170101&end=20171231&parameters=PRECTOTCORR&community=AG&format=CSV [final-fixed-cfg],2561164
nasa,C:\Users\hp\Downloads\SIH2026\data\raw\nasa\nasa_power_daily_PRECTOTCORR_b1_2018.csv,4485baf3bf8060cfa948447fefa96f798e276bcff1b4416891554480eeeec527,2026-09-02T10:23:55Z,https://power.larc.nasa.gov/api/temporal/daily/regional?latitude-min=10.0&latitude-max=20.0&longitude-min=72.6&longitude-max=80.9&start=20180101&end=20181231&parameters=PRECTOTCORR&community=AG&format=CSV [final-fixed-cfg],2558746
nasa,C:\Users\hp\Downloads\SIH2026\data\raw\nasa\nasa_power_daily_PRECTOTCORR_b1_2019.csv,d8bf9553b1716446de746bbb4b75166640f54f97f290f99881d9866606641ef6,2026-09-02T10:23:55Z,https://power.larc.nasa.gov/api/temporal/daily/regional?latitude-min=10.0&latitude-max=20.0&longitude-min=72.6&longitude-max=80.9&start=20190101&end=20191231&parameters=PRECTOTCORR&community=AG&format=CSV [final-fixed-cfg],2564780
nasa,C:\Users\hp\Downloads\SIH2026\data\raw\nasa\nasa_power_daily_PRECTOTCORR_b1_2020.csv,b086aac10310f0108a1a40f9be9821ed9def7c3510eed14949223baf0296142e,2026-09-02T10:23:55Z,https://power.larc.nasa.gov/api/temporal/daily/regional?latitude-min=10.0&latitude-max=20.0&longitude-min=72.6&longitude-max=80.9&start=20200101&end=20201231&parameters=PRECTOTCORR&community=AG&format=CSV [final-fixed-cfg],2577440
nasa,C:\Users\hp\Downloads\SIH2026\data\raw\nasa\nasa_power_daily_PRECTOTCORR_b1_2021.csv,a153b6003b466b4cf990612b12c6915d7ab24a3fa6a746352d83714e4a6d5d22,2026-09-02T10:23:55Z,https://power.larc.nasa.gov/api/temporal/daily/regional?latitude-min=10.0&latitude-max=20.0&longitude-min=72.6&longitude-max=80.9&start=20210101&end=20211231&parameters=PRECTOTCORR&community=AG&format=CSV [final-fixed-cfg],2571804
nasa,C:\Users\hp\Downloads\SIH2026\data\raw\nasa\nasa_power_daily_PRECTOTCORR_b1_2022.csv,f1336e133ceb1a2d377407810f81bbfddc2de376391767c5ee3b8dd4e6af412e,2026-09-02T10:23:55Z,https://power.larc.nasa.gov/api/temporal/daily/regional?latitude-min=10.0&latitude-max=20.0&longitude-min=72.6&longitude-max=80.9&start=20220101&end=20221231&parameters=PRECTOTCORR&community=AG&format=CSV [final-fixed-cfg],2567475
nasa,C:\Users\hp\Downloads\SIH2026\data\raw\nasa\nasa_power_daily_PRECTOTCORR_b1_2023.csv,0c32aa846a7e7f72b19aa7a07d75c31a27c31b7581920993dfcd73f4a01b07bd,2026-09-02T10:23:55Z,https://power.larc.nasa.gov/api/temporal/daily/regional?latitude-min=10.0&latitude-max=20.0&longitude-min=72.6&longitude-max=80.9&start=20230101&end=20231231&parameters=PRECTOTCORR&community=AG&format=CSV [final-fixed-cfg],2561901
nasa,C:\Users\hp\Downloads\SIH2026\data\raw\nasa\nasa_power_daily_PRECTOTCORR_b1_2024.csv,67edeaea625019ec97b204fc9340cddadd57487903d2c299427161efa3dd8765,2026-09-02T10:23:55Z,https://power.larc.nasa.gov/api/temporal/daily/regional?latitude-min=10.0&latitude-max=20.0&longitude-min=72.6&longitude-max=80.9&start=20240101&end=20241231&parameters=PRECTOTCORR&community=AG&format=CSV [final-fixed-cfg],2573855
nasa,C:\Users\hp\Downloads\SIH2026\data\raw\nasa\nasa_power_daily_PRECTOTCORR_b2_2015.csv,4561d93e24a2b51f4a02cd443dcfc3fd2b0b1550b5ce8151dc43f163a759ba24,2026-09-02T10:23:55Z,https://power.larc.nasa.gov/api/temporal/daily/regional?latitude-min=20.0&latitude-max=22.0&longitude-min=72.6&longitude-max=80.9&start=20150101&end=20151231&parameters=PRECTOTCORR&community=AG&format=CSV [final-fixed-cfg],606264
nasa,C:\Users\hp\Downloads\SIH2026\data\raw\nasa\nasa_power_daily_PRECTOTCORR_b2_2016.csv,523c58da49934d6528fcbf2e5360102286e7b36828808463882ccd1b62a64016,2026-09-02T10:23:55Z,https://power.larc.nasa.gov/api/temporal/daily/regional?latitude-min=20.0&latitude-max=22.0&longitude-min=72.6&longitude-max=80.9&start=20160101&end=20161231&parameters=PRECTOTCORR&community=AG&format=CSV [final-fixed-cfg],607417
nasa,C:\Users\hp\Downloads\SIH2026\data\raw\nasa\nasa_power_daily_PRECTOTCORR_b2_2017.csv,b19ad38b10e7c9ccb526c88da242499ea15f5860b920342e9093b6d125b26b1e,2026-09-02T10:23:55Z,https://power.larc.nasa.gov/api/temporal/daily/regional?latitude-min=20.0&latitude-max=22.0&longitude-min=72.6&longitude-max=80.9&start=20170101&end=20171231&parameters=PRECTOTCORR&community=AG&format=CSV [final-fixed-cfg],604999
nasa,C:\Users\hp\Downloads\SIH2026\data\raw\nasa\nasa_power_daily_PRECTOTCORR_b2_2018.csv,7c8c6f3a5c16742419ee719c3c0290ca619a59d2eff4c9b5d44d83ccd3d26d0e,2026-09-02T10:23:55Z,https://power.larc.nasa.gov/api/temporal/daily/regional?latitude-min=20.0&latitude-max=22.0&longitude-min=72.6&longitude-max=80.9&start=20180101&end=20181231&parameters=PRECTOTCORR&community=AG&format=CSV [final-fixed-cfg],604177
nasa,C:\Users\hp\Downloads\SIH2026\data\raw\nasa\nasa_power_daily_PRECTOTCORR_b2_2019.csv,1b5ac76e949af14efa2c971ad20fdc957272620359015f7ce941f8262e567870,2026-09-02T10:23:55Z,https://power.larc.nasa.gov/api/temporal/daily/regional?latitude-min=20.0&latitude-max=22.0&longitude-min=72.6&longitude-max=80.9&start=20190101&end=20191231&parameters=PRECTOTCORR&community=AG&format=CSV [final-fixed-cfg],607148
nasa,C:\Users\hp\Downloads\SIH2026\data\raw\nasa\nasa_power_daily_PRECTOTCORR_b2_2020.csv,e98f0889df19c991bd5f28fd5c08677b4c0939e3e4fde4d3a09ceab30758b1d5,2026-09-02T10:23:55Z,https://power.larc.nasa.gov/api/temporal/daily/regional?latitude-min=20.0&latitude-max=22.0&longitude-min=72.6&longitude-max=80.9&start=20200101&end=20201231&parameters=PRECTOTCORR&community=AG&format=CSV [final-fixed-cfg],610228
nasa,C:\Users\hp\Downloads\SIH2026\data\raw\nasa\nasa_power_daily_PRECTOTCORR_b2_2021.csv,8e862ab7980ddc608789f40d39b65708d7d77f7b26ad3836e02593ab9b803983,2026-09-02T10:23:55Z,https://power.larc.nasa.gov/api/temporal/daily/regional?latitude-min=20.0&latitude-max=22.0&longitude-min=72.6&longitude-max=80.9&start=20210101&end=20211231&parameters=PRECTOTCORR&community=AG&format=CSV [final-fixed-cfg],607868
nasa,C:\Users\hp\Downloads\SIH2026\data\raw\nasa\nasa_power_daily_PRECTOTCORR_b2_2022.csv,b90421f9052a703df056048cd79b7379727ec24e91d753c050f0b529e80ec15d,2026-09-02T10:23:55Z,https://power.larc.nasa.gov/api/temporal/daily/regional?latitude-min=20.0&latitude-max=22.0&longitude-min=72.6&longitude-max=80.9&start=20220101&end=20221231&parameters=PRECTOTCORR&community=AG&format=CSV [final-fixed-cfg],606883
nasa,C:\Users\hp\Downloads\SIH2026\data\raw\nasa\nasa_power_daily_PRECTOTCORR_b2_2023.csv,8a32111e86ea90780bbdab08431c1ce6b85e81ef206332b2c71d8e4206a26fa8,2026-09-02T10:23:55Z,https://power.larc.nasa.gov/api/temporal/daily/regional?latitude-min=20.0&latitude-max=22.0&longitude-min=72.6&longitude-max=80.9&start=20230101&end=20231231&parameters=PRECTOTCORR&community=AG&format=CSV [final-fixed-cfg],606973
nasa,C:\Users\hp\Downloads\SIH2026\data\raw\nasa\nasa_power_daily_PRECTOTCORR_b2_2024.csv,3742b0a76c8cdfa4fb15128871459eba5d46be2a94b118846d26e71930b673b1,2026-09-02T10:23:55Z,https://power.larc.nasa.gov/api/temporal/daily/regional?latitude-min=20.0&latitude-max=22.0&longitude-min=72.6&longitude-max=80.9&start=20240101&end=20241231&parameters=PRECTOTCORR&community=AG&format=CSV [final-fixed-cfg],610329
nasa,C:\Users\hp\Downloads\SIH2026\data\raw\nasa\nasa_power_daily_PS_b1_2015.csv,1d87ef905decef5f6a164868ce450cb5dc6bb6d669aa99c0a42b8e36e23d0269,2026-09-02T10:23:55Z,https://power.larc.nasa.gov/api/temporal/daily/regional?latitude-min=10.0&latitude-max=20.0&longitude-min=72.6&longitude-max=80.9&start=20150101&end=20151231&parameters=PS&community=AG&format=CSV [final-fixed-cfg],2710389
nasa,C:\Users\hp\Downloads\SIH2026\data\raw\nasa\nasa_power_daily_PS_b1_2016.csv,b664419964ff109769d7c3ee1fc72982fbaa1663a9c4151519b57f29ebefbc1a,2026-09-02T10:23:55Z,https://power.larc.nasa.gov/api/temporal/daily/regional?latitude-min=10.0&latitude-max=20.0&longitude-min=72.6&longitude-max=80.9&start=20160101&end=20161231&parameters=PS&community=AG&format=CSV [final-fixed-cfg],2717208
nasa,C:\Users\hp\Downloads\SIH2026\data\raw\nasa\nasa_power_daily_PS_b1_2017.csv,10c05bf2ef331321d6befc77786e4fe341503e431e3924a5eba8869c3328f464,2026-09-02T10:23:55Z,https://power.larc.nasa.gov/api/temporal/daily/regional?latitude-min=10.0&latitude-max=20.0&longitude-min=72.6&longitude-max=80.9&start=20170101&end=20171231&parameters=PS&community=AG&format=CSV [final-fixed-cfg],2709450
nasa,C:\Users\hp\Downloads\SIH2026\data\raw\nasa\nasa_power_daily_PS_b1_2018.csv,ee3cd6e1ce3eb25066cdad81de838a6d535c20629098dad3a631c86b72bfd7e3,2026-09-02T10:23:55Z,https://power.larc.nasa.gov/api/temporal/daily/regional?latitude-min=10.0&latitude-max=20.0&longitude-min=72.6&longitude-max=80.9&start=20180101&end=20181231&parameters=PS&community=AG&format=CSV [final-fixed-cfg],2709593
nasa,C:\Users\hp\Downloads\SIH2026\data\raw\nasa\nasa_power_daily_PS_b1_2019.csv,f2790a0db5ebad77c9d0ba423fc404fd6670572d80963df3294341f0110307ac,2026-09-02T10:23:55Z,https://power.larc.nasa.gov/api/temporal/daily/regional?latitude-min=10.0&latitude-max=20.0&longitude-min=72.6&longitude-max=80.9&start=20190101&end=20191231&parameters=PS&community=AG&format=CSV [final-fixed-cfg],2709649
nasa,C:\Users\hp\Downloads\SIH2026\data\raw\nasa\nasa_power_daily_PS_b1_2020.csv,069a41bc2685fcc5138bd88e34b3ff4b18897f14099948c37d1cfd0d0db92bc5,2026-09-02T10:23:55Z,https://power.larc.nasa.gov/api/temporal/daily/regional?latitude-min=10.0&latitude-max=20.0&longitude-min=72.6&longitude-max=80.9&start=20200101&end=20201231&parameters=PS&community=AG&format=CSV [final-fixed-cfg],2716794
nasa,C:\Users\hp\Downloads\SIH2026\data\raw\nasa\nasa_power_daily_PS_b1_2021.csv,c35bf7b0daa27c87f7367868e4e5eaca02036c0a2fac0e750446b89346bd06ce,2026-09-02T10:23:55Z,https://power.larc.nasa.gov/api/temporal/daily/regional?latitude-min=10.0&latitude-max=20.0&longitude-min=72.6&longitude-max=80.9&start=20210101&end=20211231&parameters=PS&community=AG&format=CSV [final-fixed-cfg],2708996
nasa,C:\Users\hp\Downloads\SIH2026\data\raw\nasa\nasa_power_daily_PS_b1_2022.csv,8e153b7f901c276f6fef50fbe965dc4932c8fe03d7867397c579f8adb25e9f30,2026-09-02T10:23:55Z,https://power.larc.nasa.gov/api/temporal/daily/regional?latitude-min=10.0&latitude-max=20.0&longitude-min=72.6&longitude-max=80.9&start=20220101&end=20221231&parameters=PS&community=AG&format=CSV [final-fixed-cfg],2708984
nasa,C:\Users\hp\Downloads\SIH2026\data\raw\nasa\nasa_power_daily_PS_b1_2023.csv,d53f795345d6e72830b0dc437588fd142fc8e639b4c0ea743d1f0755a149e91b,2026-09-02T10:23:55Z,https://power.larc.nasa.gov/api/temporal/daily/regional?latitude-min=10.0&latitude-max=20.0&longitude-min=72.6&longitude-max=80.9&start=20230101&end=20231231&parameters=PS&community=AG&format=CSV [final-fixed-cfg],2710042
nasa,C:\Users\hp\Downloads\SIH2026\data\raw\nasa\nasa_power_daily_PS_b1_2024.csv,dc586e8d0ea8f8e5530592c2958242757cb5bf403cbbb1db8465e0b527db8b1e,2026-09-02T10:23:55Z,https://power.larc.nasa.gov/api/temporal/daily/regional?latitude-min=10.0&latitude-max=20.0&longitude-min=72.6&longitude-max=80.9&start=20240101&end=20241231&parameters=PS&community=AG&format=CSV [final-fixed-cfg],2717082
nasa,C:\Users\hp\Downloads\SIH2026\data\raw\nasa\nasa_power_daily_PS_b2_2015.csv,3c3b08e45816d20d3b83dd7ec2cb8a4e7459dc289680b1c92c30799fc21c9ef7,2026-09-02T10:23:55Z,https://power.larc.nasa.gov/api/temporal/daily/regional?latitude-min=20.0&latitude-max=22.0&longitude-min=72.6&longitude-max=80.9&start=20150101&end=20151231&parameters=PS&community=AG&format=CSV [final-fixed-cfg],639822
nasa,C:\Users\hp\Downloads\SIH2026\data\raw\nasa\nasa_power_daily_PS_b2_2016.csv,c9eaae5a8afb8b23bb1d114e135340bddb56ac285c40818884e0e16796a23e9d,2026-09-02T10:23:55Z,https://power.larc.nasa.gov/api/temporal/daily/regional?latitude-min=20.0&latitude-max=22.0&longitude-min=72.6&longitude-max=80.9&start=20160101&end=20161231&parameters=PS&community=AG&format=CSV [final-fixed-cfg],641484
nasa,C:\Users\hp\Downloads\SIH2026\data\raw\nasa\nasa_power_daily_PS_b2_2017.csv,55ed73a587b5bd2909535f0a96436f08e115509fbe1b66fe844fa1dd9988fa98,2026-09-02T10:23:55Z,https://power.larc.nasa.gov/api/temporal/daily/regional?latitude-min=20.0&latitude-max=22.0&longitude-min=72.6&longitude-max=80.9&start=20170101&end=20171231&parameters=PS&community=AG&format=CSV [final-fixed-cfg],639764
nasa,C:\Users\hp\Downloads\SIH2026\data\raw\nasa\nasa_power_daily_PS_b2_2018.csv,5fef3af40208125cbad13a153d51dfabc2b7255b36ea01f6b395c592d478b00d,2026-09-02T10:23:55Z,https://power.larc.nasa.gov/api/temporal/daily/regional?latitude-min=20.0&latitude-max=22.0&longitude-min=72.6&longitude-max=80.9&start=20180101&end=20181231&parameters=PS&community=AG&format=CSV [final-fixed-cfg],639731
nasa,C:\Users\hp\Downloads\SIH2026\data\raw\nasa\nasa_power_daily_PS_b2_2019.csv,148f0ec6aaa12d1246306b9b29766edf5227f83d77b5a1d3c9a6b364826cdd10,2026-09-02T10:23:55Z,https://power.larc.nasa.gov/api/temporal/daily/regional?latitude-min=20.0&latitude-max=22.0&longitude-min=72.6&longitude-max=80.9&start=20190101&end=20191231&parameters=PS&community=AG&format=CSV [final-fixed-cfg],639667
nasa,C:\Users\hp\Downloads\SIH2026\data\raw\nasa\nasa_power_daily_PS_b2_2020.csv,5937751e166f9e5bd29d05ef21a8582357da72faf3056a9b34d529e1b782e469,2026-09-02T10:23:55Z,https://power.larc.nasa.gov/api/temporal/daily/regional?latitude-min=20.0&latitude-max=22.0&longitude-min=72.6&longitude-max=80.9&start=20200101&end=20201231&parameters=PS&community=AG&format=CSV [final-fixed-cfg],641452
nasa,C:\Users\hp\Downloads\SIH2026\data\raw\nasa\nasa_power_daily_PS_b2_2021.csv,af3b71050b61486f869d75157dfebf3a0bff516ebaa771641713ad0685ee92df,2026-09-02T10:23:55Z,https://power.larc.nasa.gov/api/temporal/daily/regional?latitude-min=20.0&latitude-max=22.0&longitude-min=72.6&longitude-max=80.9&start=20210101&end=20211231&parameters=PS&community=AG&format=CSV [final-fixed-cfg],639725
nasa,C:\Users\hp\Downloads\SIH2026\data\raw\nasa\nasa_power_daily_PS_b2_2022.csv,363110349a7277767a91b18464c51fe3711e79c5cc7507ad2e5d70d3108bc85f,2026-09-02T10:23:55Z,https://power.larc.nasa.gov/api/temporal/daily/regional?latitude-min=20.0&latitude-max=22.0&longitude-min=72.6&longitude-max=80.9&start=20220101&end=20221231&parameters=PS&community=AG&format=CSV [final-fixed-cfg],639650
nasa,C:\Users\hp\Downloads\SIH2026\data\raw\nasa\nasa_power_daily_PS_b2_2023.csv,1139eaba5b89b1f17ed7b1f4a97b432abedbffacd64467fa9b5f41a8bfb22b9d,2026-09-02T10:23:55Z,https://power.larc.nasa.gov/api/temporal/daily/regional?latitude-min=20.0&latitude-max=22.0&longitude-min=72.6&longitude-max=80.9&start=20230101&end=20231231&parameters=PS&community=AG&format=CSV [final-fixed-cfg],639843
nasa,C:\Users\hp\Downloads\SIH2026\data\raw\nasa\nasa_power_daily_PS_b2_2024.csv,74c31d7b046802879964f27ee0002f3c659d9f7b55f53a8ca054e1c1056c0d7b,2026-09-02T10:23:55Z,https://power.larc.nasa.gov/api/temporal/daily/regional?latitude-min=20.0&latitude-max=22.0&longitude-min=72.6&longitude-max=80.9&start=20240101&end=20241231&parameters=PS&community=AG&format=CSV [final-fixed-cfg],641626
nasa,C:\Users\hp\Downloads\SIH2026\data\raw\nasa\nasa_power_daily_RH2M_b1_2015.csv,36e5188b9b80d1ee22d7d22bbc6168421773c4f7ad5670f495c7d7551b8d6cc9,2026-09-02T10:23:55Z,https://power.larc.nasa.gov/api/temporal/daily/regional?latitude-min=10.0&latitude-max=20.0&longitude-min=72.6&longitude-max=80.9&start=20150101&end=20151231&parameters=RH2M&community=AG&format=CSV [final-fixed-cfg],2682065
nasa,C:\Users\hp\Downloads\SIH2026\data\raw\nasa\nasa_power_daily_RH2M_b1_2016.csv,fc21875d8479159dfbcd3af076f5a8a4d760e2f6a978faaef8a29de501d688b1,2026-09-02T10:23:55Z,https://power.larc.nasa.gov/api/temporal/daily/regional?latitude-min=10.0&latitude-max=20.0&longitude-min=72.6&longitude-max=80.9&start=20160101&end=20161231&parameters=RH2M&community=AG&format=CSV [final-fixed-cfg],2689522
nasa,C:\Users\hp\Downloads\SIH2026\data\raw\nasa\nasa_power_daily_RH2M_b1_2017.csv,9eb087460b089dd6655e0d36afc82d06b3fd71ae4fabde56dc470b085ffa7169,2026-09-02T10:23:55Z,https://power.larc.nasa.gov/api/temporal/daily/regional?latitude-min=10.0&latitude-max=20.0&longitude-min=72.6&longitude-max=80.9&start=20170101&end=20171231&parameters=RH2M&community=AG&format=CSV [final-fixed-cfg],2681805
nasa,C:\Users\hp\Downloads\SIH2026\data\raw\nasa\nasa_power_daily_RH2M_b1_2018.csv,1a2b04c6ba6108b0260d57d961dbe5eeda086267e5dcf7081e0f8ed8d17cdaa5,2026-09-02T10:23:55Z,https://power.larc.nasa.gov/api/temporal/daily/regional?latitude-min=10.0&latitude-max=20.0&longitude-min=72.6&longitude-max=80.9&start=20180101&end=20181231&parameters=RH2M&community=AG&format=CSV [final-fixed-cfg],2682090
nasa,C:\Users\hp\Downloads\SIH2026\data\raw\nasa\nasa_power_daily_RH2M_b1_2019.csv,4968f01804954d6d721a15b48155011d28e8da2a1237f027d54f5b88a1fb0f84,2026-09-02T10:23:55Z,https://power.larc.nasa.gov/api/temporal/daily/regional?latitude-min=10.0&latitude-max=20.0&longitude-min=72.6&longitude-max=80.9&start=20190101&end=20191231&parameters=RH2M&community=AG&format=CSV [final-fixed-cfg],2681901
nasa,C:\Users\hp\Downloads\SIH2026\data\raw\nasa\nasa_power_daily_RH2M_b1_2020.csv,1407353b0570aaa59f2b5993d76c8c7efe5cb47fa05435fbcea97556205518b8,2026-09-02T10:23:55Z,https://power.larc.nasa.gov/api/temporal/daily/regional?latitude-min=10.0&latitude-max=20.0&longitude-min=72.6&longitude-max=80.9&start=20200101&end=20201231&parameters=RH2M&community=AG&format=CSV [final-fixed-cfg],2689447
nasa,C:\Users\hp\Downloads\SIH2026\data\raw\nasa\nasa_power_daily_RH2M_b1_2021.csv,efe2109312e25319edb4ca5fdebc2a7ce449a140e9912002c698ca9b4b1010df,2026-09-02T10:23:55Z,https://power.larc.nasa.gov/api/temporal/daily/regional?latitude-min=10.0&latitude-max=20.0&longitude-min=72.6&longitude-max=80.9&start=20210101&end=20211231&parameters=RH2M&community=AG&format=CSV [final-fixed-cfg],2682188
nasa,C:\Users\hp\Downloads\SIH2026\data\raw\nasa\nasa_power_daily_RH2M_b1_2022.csv,6ab843cd1710d3af82c5f2cbb4cb089b304e078805809bdedd8adae530b788ee,2026-09-02T10:23:55Z,https://power.larc.nasa.gov/api/temporal/daily/regional?latitude-min=10.0&latitude-max=20.0&longitude-min=72.6&longitude-max=80.9&start=20220101&end=20221231&parameters=RH2M&community=AG&format=CSV [final-fixed-cfg],2682217
nasa,C:\Users\hp\Downloads\SIH2026\data\raw\nasa\nasa_power_daily_RH2M_b1_2023.csv,63f30f41cc196025d9de43ef9ac603ec73dbd31a3593289d120da86c66205e60,2026-09-02T10:23:55Z,https://power.larc.nasa.gov/api/temporal/daily/regional?latitude-min=10.0&latitude-max=20.0&longitude-min=72.6&longitude-max=80.9&start=20230101&end=20231231&parameters=RH2M&community=AG&format=CSV [final-fixed-cfg],2682028
nasa,C:\Users\hp\Downloads\SIH2026\data\raw\nasa\nasa_power_daily_RH2M_b1_2024.csv,47485b3f316c527d4ae7b7651057113b68b21d3692b0b3b5a75345344be3d65e,2026-09-02T10:23:55Z,https://power.larc.nasa.gov/api/temporal/daily/regional?latitude-min=10.0&latitude-max=20.0&longitude-min=72.6&longitude-max=80.9&start=20240101&end=20241231&parameters=RH2M&community=AG&format=CSV [final-fixed-cfg],2689691
nasa,C:\Users\hp\Downloads\SIH2026\data\raw\nasa\nasa_power_daily_RH2M_b2_2015.csv,5e83a2ccb944635918735015160a0c8309bc06a1a75f2bad6a656e8953f7a97a,2026-09-02T10:23:55Z,https://power.larc.nasa.gov/api/temporal/daily/regional?latitude-min=20.0&latitude-max=22.0&longitude-min=72.6&longitude-max=80.9&start=20150101&end=20151231&parameters=RH2M&community=AG&format=CSV [final-fixed-cfg],638901
nasa,C:\Users\hp\Downloads\SIH2026\data\raw\nasa\nasa_power_daily_RH2M_b2_2016.csv,74bd2292d2becbe8e75018a5fc9ce2e5d734b0c0057aa9217dfbbbf8c6f569e4,2026-09-02T10:23:55Z,https://power.larc.nasa.gov/api/temporal/daily/regional?latitude-min=20.0&latitude-max=22.0&longitude-min=72.6&longitude-max=80.9&start=20160101&end=20161231&parameters=RH2M&community=AG&format=CSV [final-fixed-cfg],640562
nasa,C:\Users\hp\Downloads\SIH2026\data\raw\nasa\nasa_power_daily_RH2M_b2_2017.csv,93257f80171be4e2e2abedeb8fe79eaa162f70e5c5a3c64150e42f94b2f8c48f,2026-09-02T10:23:55Z,https://power.larc.nasa.gov/api/temporal/daily/regional?latitude-min=20.0&latitude-max=22.0&longitude-min=72.6&longitude-max=80.9&start=20170101&end=20171231&parameters=RH2M&community=AG&format=CSV [final-fixed-cfg],638446
nasa,C:\Users\hp\Downloads\SIH2026\data\raw\nasa\nasa_power_daily_RH2M_b2_2018.csv,5a8702d52547089f1f43dfe59205dc49f6eaad500bc5e2f8c0ac9488d290a893,2026-09-02T10:23:55Z,https://power.larc.nasa.gov/api/temporal/daily/regional?latitude-min=20.0&latitude-max=22.0&longitude-min=72.6&longitude-max=80.9&start=20180101&end=20181231&parameters=RH2M&community=AG&format=CSV [final-fixed-cfg],638808
nasa,C:\Users\hp\Downloads\SIH2026\data\raw\nasa\nasa_power_daily_RH2M_b2_2019.csv,c15476efa7186e39418d219eb2de65146adb08a4fc38467a3b983b224c00b1f8,2026-09-02T10:23:55Z,https://power.larc.nasa.gov/api/temporal/daily/regional?latitude-min=20.0&latitude-max=22.0&longitude-min=72.6&longitude-max=80.9&start=20190101&end=20191231&parameters=RH2M&community=AG&format=CSV [final-fixed-cfg],638953
nasa,C:\Users\hp\Downloads\SIH2026\data\raw\nasa\nasa_power_daily_RH2M_b2_2020.csv,3c83b5846d74c312c2d94b06e8c392bb58ccf867792133894d4674c555cbe0a8,2026-09-02T10:23:55Z,https://power.larc.nasa.gov/api/temporal/daily/regional?latitude-min=20.0&latitude-max=22.0&longitude-min=72.6&longitude-max=80.9&start=20200101&end=20201231&parameters=RH2M&community=AG&format=CSV [final-fixed-cfg],640733
nasa,C:\Users\hp\Downloads\SIH2026\data\raw\nasa\nasa_power_daily_RH2M_b2_2021.csv,32f4dff72f428e7b4ad68ccc32f4eeb50a2fe75f489d12b7843bb55bc85be32e,2026-09-02T10:23:55Z,https://power.larc.nasa.gov/api/temporal/daily/regional?latitude-min=20.0&latitude-max=22.0&longitude-min=72.6&longitude-max=80.9&start=20210101&end=20211231&parameters=RH2M&community=AG&format=CSV [final-fixed-cfg],638836
nasa,C:\Users\hp\Downloads\SIH2026\data\raw\nasa\nasa_power_daily_RH2M_b2_2022.csv,c0eab8c72aca4aceb41e48ac183f884a30eee8fb039c04b0f91e0c0e72fab1b3,2026-09-02T10:23:55Z,https://power.larc.nasa.gov/api/temporal/daily/regional?latitude-min=20.0&latitude-max=22.0&longitude-min=72.6&longitude-max=80.9&start=20220101&end=20221231&parameters=RH2M&community=AG&format=CSV [final-fixed-cfg],638954
nasa,C:\Users\hp\Downloads\SIH2026\data\raw\nasa\nasa_power_daily_RH2M_b2_2023.csv,ad82be9df163cfc0f1f76ff0f23d32656e81b48791368f69b08254711efd2011,2026-09-02T10:23:55Z,https://power.larc.nasa.gov/api/temporal/daily/regional?latitude-min=20.0&latitude-max=22.0&longitude-min=72.6&longitude-max=80.9&start=20230101&end=20231231&parameters=RH2M&community=AG&format=CSV [final-fixed-cfg],638912
nasa,C:\Users\hp\Downloads\SIH2026\data\raw\nasa\nasa_power_daily_RH2M_b2_2024.csv,37fd82649b2b0888617edb93203e86f71d0f108fa76709527993cc3406147b89,2026-09-02T10:23:55Z,https://power.larc.nasa.gov/api/temporal/daily/regional?latitude-min=20.0&latitude-max=22.0&longitude-min=72.6&longitude-max=80.9&start=20240101&end=20241231&parameters=RH2M&community=AG&format=CSV [final-fixed-cfg],640694
nasa,C:\Users\hp\Downloads\SIH2026\data\raw\nasa\nasa_power_daily_WS10M_b1_2015.csv,5b1e6e72ea284aad9997c7abf7f182f8856977e518f4e5b560e4f6acf033633c,2026-09-02T10:23:55Z,https://power.larc.nasa.gov/api/temporal/daily/regional?latitude-min=10.0&latitude-max=20.0&longitude-min=72.6&longitude-max=80.9&start=20150101&end=20151231&parameters=WS10M&community=AG&format=CSV [final-fixed-cfg],2582891
nasa,C:\Users\hp\Downloads\SIH2026\data\raw\nasa\nasa_power_daily_WS10M_b1_2016.csv,0bd6a1eec3ee927e6841c73fd84b23d8b5d8b41e12c83ef9e51c1ccca7c7d67f,2026-09-02T10:23:55Z,https://power.larc.nasa.gov/api/temporal/daily/regional?latitude-min=10.0&latitude-max=20.0&longitude-min=72.6&longitude-max=80.9&start=20160101&end=20161231&parameters=WS10M&community=AG&format=CSV [final-fixed-cfg],2589740
nasa,C:\Users\hp\Downloads\SIH2026\data\raw\nasa\nasa_power_daily_WS10M_b1_2017.csv,cbff2e0fde79575e21b8b7c94a096e8f6af02f89f9e4ca43bd887702cac2d748,2026-09-02T10:23:55Z,https://power.larc.nasa.gov/api/temporal/daily/regional?latitude-min=10.0&latitude-max=20.0&longitude-min=72.6&longitude-max=80.9&start=20170101&end=20171231&parameters=WS10M&community=AG&format=CSV [final-fixed-cfg],2582539
nasa,C:\Users\hp\Downloads\SIH2026\data\raw\nasa\nasa_power_daily_WS10M_b1_2018.csv,ed1a2bac8f7242ae352e1851f0f6d3d05acf9989672247a4a28479294089e68f,2026-09-02T10:23:55Z,https://power.larc.nasa.gov/api/temporal/daily/regional?latitude-min=10.0&latitude-max=20.0&longitude-min=72.6&longitude-max=80.9&start=20180101&end=20181231&parameters=WS10M&community=AG&format=CSV [final-fixed-cfg],2582676
nasa,C:\Users\hp\Downloads\SIH2026\data\raw\nasa\nasa_power_daily_WS10M_b1_2019.csv,e85fc78463bdf05642c4737deee50584e9cd7d6c696ea417f49a29d4ca73cf17,2026-09-02T10:23:55Z,https://power.larc.nasa.gov/api/temporal/daily/regional?latitude-min=10.0&latitude-max=20.0&longitude-min=72.6&longitude-max=80.9&start=20190101&end=20191231&parameters=WS10M&community=AG&format=CSV [final-fixed-cfg],2583155
nasa,C:\Users\hp\Downloads\SIH2026\data\raw\nasa\nasa_power_daily_WS10M_b1_2020.csv,09975706a22961d69cff9641bd88e12febd2224cf0293626a7f31a5685217803,2026-09-02T10:23:55Z,https://power.larc.nasa.gov/api/temporal/daily/regional?latitude-min=10.0&latitude-max=20.0&longitude-min=72.6&longitude-max=80.9&start=20200101&end=20201231&parameters=WS10M&community=AG&format=CSV [final-fixed-cfg],2589932
nasa,C:\Users\hp\Downloads\SIH2026\data\raw\nasa\nasa_power_daily_WS10M_b1_2021.csv,30bc1f0bb7ad6492ae59a0780059febfcb0b9bc74891a14a219c6c310deb191f,2026-09-02T10:23:55Z,https://power.larc.nasa.gov/api/temporal/daily/regional?latitude-min=10.0&latitude-max=20.0&longitude-min=72.6&longitude-max=80.9&start=20210101&end=20211231&parameters=WS10M&community=AG&format=CSV [final-fixed-cfg],2582617
nasa,C:\Users\hp\Downloads\SIH2026\data\raw\nasa\nasa_power_daily_WS10M_b1_2022.csv,8fcd4194569db63f3244433966c7bb054c7af833da9d206aeb1a9619bac83658,2026-09-02T10:23:55Z,https://power.larc.nasa.gov/api/temporal/daily/regional?latitude-min=10.0&latitude-max=20.0&longitude-min=72.6&longitude-max=80.9&start=20220101&end=20221231&parameters=WS10M&community=AG&format=CSV [final-fixed-cfg],2582843
nasa,C:\Users\hp\Downloads\SIH2026\data\raw\nasa\nasa_power_daily_WS10M_b1_2023.csv,c4626997b261e927a24f86fa7a00b6149293e53824e57da00522fc6264cd51fb,2026-09-02T10:23:55Z,https://power.larc.nasa.gov/api/temporal/daily/regional?latitude-min=10.0&latitude-max=20.0&longitude-min=72.6&longitude-max=80.9&start=20230101&end=20231231&parameters=WS10M&community=AG&format=CSV [final-fixed-cfg],2582755
nasa,C:\Users\hp\Downloads\SIH2026\data\raw\nasa\nasa_power_daily_WS10M_b1_2024.csv,d717dad8994955cbc94d5388662ba4c94d5b062577a45ac7be124be232a67cba,2026-09-02T10:23:55Z,https://power.larc.nasa.gov/api/temporal/daily/regional?latitude-min=10.0&latitude-max=20.0&longitude-min=72.6&longitude-max=80.9&start=20240101&end=20241231&parameters=WS10M&community=AG&format=CSV [final-fixed-cfg],2590062
nasa,C:\Users\hp\Downloads\SIH2026\data\raw\nasa\nasa_power_daily_WS10M_b2_2015.csv,7f4d5e2a8998fa716531aeb894c102a2950a865e65ce0d43ad5368e0d49fb6c3,2026-09-02T10:23:55Z,https://power.larc.nasa.gov/api/temporal/daily/regional?latitude-min=20.0&latitude-max=22.0&longitude-min=72.6&longitude-max=80.9&start=20150101&end=20151231&parameters=WS10M&community=AG&format=CSV [final-fixed-cfg],615293
nasa,C:\Users\hp\Downloads\SIH2026\data\raw\nasa\nasa_power_daily_WS10M_b2_2016.csv,efadd340e6a4bbd63f4359af8d4ce424f6cd710266b3eead509c2624839b2e32,2026-09-02T10:23:55Z,https://power.larc.nasa.gov/api/temporal/daily/regional?latitude-min=20.0&latitude-max=22.0&longitude-min=72.6&longitude-max=80.9&start=20160101&end=20161231&parameters=WS10M&community=AG&format=CSV [final-fixed-cfg],616938
nasa,C:\Users\hp\Downloads\SIH2026\data\raw\nasa\nasa_power_daily_WS10M_b2_2017.csv,9a16bf1960d23fe87701de1e1a820a21882e0ee067dcce2f72e9b9d56bd16ce5,2026-09-02T10:23:55Z,https://power.larc.nasa.gov/api/temporal/daily/regional?latitude-min=20.0&latitude-max=22.0&longitude-min=72.6&longitude-max=80.9&start=20170101&end=20171231&parameters=WS10M&community=AG&format=CSV [final-fixed-cfg],615143
nasa,C:\Users\hp\Downloads\SIH2026\data\raw\nasa\nasa_power_daily_WS10M_b2_2018.csv,ab46edcca414f753317ebe4772736942e2ac087f9cf221340c5cf6d2c73fecd7,2026-09-02T10:23:55Z,https://power.larc.nasa.gov/api/temporal/daily/regional?latitude-min=20.0&latitude-max=22.0&longitude-min=72.6&longitude-max=80.9&start=20180101&end=20181231&parameters=WS10M&community=AG&format=CSV [final-fixed-cfg],615225
nasa,C:\Users\hp\Downloads\SIH2026\data\raw\nasa\nasa_power_daily_WS10M_b2_2019.csv,a80b48d2b3e11eac7f566e05147da833327edd778b8f15fcae95ee676a18671d,2026-09-02T10:23:55Z,https://power.larc.nasa.gov/api/temporal/daily/regional?latitude-min=20.0&latitude-max=22.0&longitude-min=72.6&longitude-max=80.9&start=20190101&end=20191231&parameters=WS10M&community=AG&format=CSV [final-fixed-cfg],615191
nasa,C:\Users\hp\Downloads\SIH2026\data\raw\nasa\nasa_power_daily_WS10M_b2_2020.csv,f39025dc6b956d7705609a676fdc0681ad21719a39ba0f940957e1ae90521fdb,2026-09-02T10:23:55Z,https://power.larc.nasa.gov/api/temporal/daily/regional?latitude-min=20.0&latitude-max=22.0&longitude-min=72.6&longitude-max=80.9&start=20200101&end=20201231&parameters=WS10M&community=AG&format=CSV [final-fixed-cfg],616930
nasa,C:\Users\hp\Downloads\SIH2026\data\raw\nasa\nasa_power_daily_WS10M_b2_2021.csv,8303ea36bc0f8208f129a2146ad6001cddf098cbd18a1d3c57aaa8e37d3c4001,2026-09-02T10:23:55Z,https://power.larc.nasa.gov/api/temporal/daily/regional?latitude-min=20.0&latitude-max=22.0&longitude-min=72.6&longitude-max=80.9&start=20210101&end=20211231&parameters=WS10M&community=AG&format=CSV [final-fixed-cfg],615261
nasa,C:\Users\hp\Downloads\SIH2026\data\raw\nasa\nasa_power_daily_WS10M_b2_2022.csv,7803be32a81d5b4f2fc23476f510bab139c8ccc882dd5b46c8c46b56aa0c49a7,2026-09-02T10:23:55Z,https://power.larc.nasa.gov/api/temporal/daily/regional?latitude-min=20.0&latitude-max=22.0&longitude-min=72.6&longitude-max=80.9&start=20220101&end=20221231&parameters=WS10M&community=AG&format=CSV [final-fixed-cfg],615290
nasa,C:\Users\hp\Downloads\SIH2026\data\raw\nasa\nasa_power_daily_WS10M_b2_2023.csv,b18e2be9c0ac42264b6d02107be3840939c946257ebc86b92b799629d6a63fca,2026-09-02T10:23:55Z,https://power.larc.nasa.gov/api/temporal/daily/regional?latitude-min=20.0&latitude-max=22.0&longitude-min=72.6&longitude-max=80.9&start=20230101&end=20231231&parameters=WS10M&community=AG&format=CSV [final-fixed-cfg],615256
nasa,C:\Users\hp\Downloads\SIH2026\data\raw\nasa\nasa_power_daily_WS10M_b2_2024.csv,160528335deb096403ded05bfd6ebe6cd277f96b509cdeb14818497473bf28d4,2026-09-02T10:23:55Z,https://power.larc.nasa.gov/api/temporal/daily/regional?latitude-min=20.0&latitude-max=22.0&longitude-min=72.6&longitude-max=80.9&start=20240101&end=20241231&parameters=WS10M&community=AG&format=CSV [final-fixed-cfg],616907
nasa,C:\Users\hp\Downloads\SIH2026\data\raw\nasa\nasa_power_daily_WS10M_MAX_b1_2015.csv,c5168449f984abf5c8627b1adcfb8297e72479642a7244aeb93bda4a75ddc4f6,2026-09-02T10:23:55Z,https://power.larc.nasa.gov/api/temporal/daily/regional?latitude-min=10.0&latitude-max=20.0&longitude-min=72.6&longitude-max=80.9&start=20150101&end=20151231&parameters=WS10M_MAX&community=AG&format=CSV [final-fixed-cfg],2585872
nasa,C:\Users\hp\Downloads\SIH2026\data\raw\nasa\nasa_power_daily_WS10M_MAX_b1_2016.csv,a9b715fec846532fc176297179e0d84742ac90e383755694c804076c554b3455,2026-09-02T10:23:55Z,https://power.larc.nasa.gov/api/temporal/daily/regional?latitude-min=10.0&latitude-max=20.0&longitude-min=72.6&longitude-max=80.9&start=20160101&end=20161231&parameters=WS10M_MAX&community=AG&format=CSV [final-fixed-cfg],2592670
nasa,C:\Users\hp\Downloads\SIH2026\data\raw\nasa\nasa_power_daily_WS10M_MAX_b1_2017.csv,1a7a521925236e5faab16005b12c1df8df8a3c4c8c6dfeedbd4f2123c1a2990a,2026-09-02T10:23:55Z,https://power.larc.nasa.gov/api/temporal/daily/regional?latitude-min=10.0&latitude-max=20.0&longitude-min=72.6&longitude-max=80.9&start=20170101&end=20171231&parameters=WS10M_MAX&community=AG&format=CSV [final-fixed-cfg],2585389
nasa,C:\Users\hp\Downloads\SIH2026\data\raw\nasa\nasa_power_daily_WS10M_MAX_b1_2018.csv,a44e7252c30d6c7c878b1429675dc240b84cf464756d0699a9cfc8a5c2c0e67f,2026-09-02T10:23:55Z,https://power.larc.nasa.gov/api/temporal/daily/regional?latitude-min=10.0&latitude-max=20.0&longitude-min=72.6&longitude-max=80.9&start=20180101&end=20181231&parameters=WS10M_MAX&community=AG&format=CSV [final-fixed-cfg],2587505
nasa,C:\Users\hp\Downloads\SIH2026\data\raw\nasa\nasa_power_daily_WS10M_MAX_b1_2019.csv,149880fca47c067fb92c8af2903ea8c89d646889775fdf7928abea141bda2017,2026-09-02T10:23:55Z,https://power.larc.nasa.gov/api/temporal/daily/regional?latitude-min=10.0&latitude-max=20.0&longitude-min=72.6&longitude-max=80.9&start=20190101&end=20191231&parameters=WS10M_MAX&community=AG&format=CSV [final-fixed-cfg],2586474
nasa,C:\Users\hp\Downloads\SIH2026\data\raw\nasa\nasa_power_daily_WS10M_MAX_b1_2020.csv,607654c3d3d8c6e23e06969cfb96d05bb9200ff591141cfea1e16d44f1c7fc91,2026-09-02T10:23:55Z,https://power.larc.nasa.gov/api/temporal/daily/regional?latitude-min=10.0&latitude-max=20.0&longitude-min=72.6&longitude-max=80.9&start=20200101&end=20201231&parameters=WS10M_MAX&community=AG&format=CSV [final-fixed-cfg],2591876
nasa,C:\Users\hp\Downloads\SIH2026\data\raw\nasa\nasa_power_daily_WS10M_MAX_b1_2021.csv,89b8ae0c573be01d594ea53f4a3165a9be85e324af1578634c2459b584a82d2e,2026-09-02T10:23:55Z,https://power.larc.nasa.gov/api/temporal/daily/regional?latitude-min=10.0&latitude-max=20.0&longitude-min=72.6&longitude-max=80.9&start=20210101&end=20211231&parameters=WS10M_MAX&community=AG&format=CSV [final-fixed-cfg],2585684
nasa,C:\Users\hp\Downloads\SIH2026\data\raw\nasa\nasa_power_daily_WS10M_MAX_b1_2022.csv,c3865377f055890f871ea38c39cff581f74311b5a6ac6be99ec648d3a8334494,2026-09-02T10:23:55Z,https://power.larc.nasa.gov/api/temporal/daily/regional?latitude-min=10.0&latitude-max=20.0&longitude-min=72.6&longitude-max=80.9&start=20220101&end=20221231&parameters=WS10M_MAX&community=AG&format=CSV [final-fixed-cfg],2585310
nasa,C:\Users\hp\Downloads\SIH2026\data\raw\nasa\nasa_power_daily_WS10M_MAX_b1_2023.csv,80f5e1976b67d028444c827460941e717fa02b34d4b6a4d4d2d96439f714181c,2026-09-02T10:23:55Z,https://power.larc.nasa.gov/api/temporal/daily/regional?latitude-min=10.0&latitude-max=20.0&longitude-min=72.6&longitude-max=80.9&start=20230101&end=20231231&parameters=WS10M_MAX&community=AG&format=CSV [final-fixed-cfg],2585429
nasa,C:\Users\hp\Downloads\SIH2026\data\raw\nasa\nasa_power_daily_WS10M_MAX_b1_2024.csv,1ad9687eb8a4a46b93385d2e36362d74a4b7823e121603ff7ab0a4fe4f64d7cc,2026-09-02T10:23:55Z,https://power.larc.nasa.gov/api/temporal/daily/regional?latitude-min=10.0&latitude-max=20.0&longitude-min=72.6&longitude-max=80.9&start=20240101&end=20241231&parameters=WS10M_MAX&community=AG&format=CSV [final-fixed-cfg],2593702
nasa,C:\Users\hp\Downloads\SIH2026\data\raw\nasa\nasa_power_daily_WS10M_MAX_b2_2015.csv,23d979b38ce7d7b5d43afb35e607cdaf706334ad7a9f164b6fe5ca220e294526,2026-09-02T10:23:55Z,https://power.larc.nasa.gov/api/temporal/daily/regional?latitude-min=20.0&latitude-max=22.0&longitude-min=72.6&longitude-max=80.9&start=20150101&end=20151231&parameters=WS10M_MAX&community=AG&format=CSV [final-fixed-cfg],615751
nasa,C:\Users\hp\Downloads\SIH2026\data\raw\nasa\nasa_power_daily_WS10M_MAX_b2_2016.csv,d4afd99daf7827ac3ac39163b1e7f9acb2f7c74623193a7ec2801444fb081e8a,2026-09-02T10:23:55Z,https://power.larc.nasa.gov/api/temporal/daily/regional?latitude-min=20.0&latitude-max=22.0&longitude-min=72.6&longitude-max=80.9&start=20160101&end=20161231&parameters=WS10M_MAX&community=AG&format=CSV [final-fixed-cfg],617268
nasa,C:\Users\hp\Downloads\SIH2026\data\raw\nasa\nasa_power_daily_WS10M_MAX_b2_2017.csv,ef31b8b52d155e64500b302329ce370dd10d9c222a996c080ff619cf7a49f37f,2026-09-02T10:23:55Z,https://power.larc.nasa.gov/api/temporal/daily/regional?latitude-min=20.0&latitude-max=22.0&longitude-min=72.6&longitude-max=80.9&start=20170101&end=20171231&parameters=WS10M_MAX&community=AG&format=CSV [final-fixed-cfg],615461
nasa,C:\Users\hp\Downloads\SIH2026\data\raw\nasa\nasa_power_daily_WS10M_MAX_b2_2018.csv,6f852181de3a65dfbf5efe99b859440879ea1b49435b5aa4b042be641d0099e8,2026-09-02T10:23:55Z,https://power.larc.nasa.gov/api/temporal/daily/regional?latitude-min=20.0&latitude-max=22.0&longitude-min=72.6&longitude-max=80.9&start=20180101&end=20181231&parameters=WS10M_MAX&community=AG&format=CSV [final-fixed-cfg],615431
nasa,C:\Users\hp\Downloads\SIH2026\data\raw\nasa\nasa_power_daily_WS10M_MAX_b2_2019.csv,d37396bf36d0f896446dd6fb3167ceae7110ef6d70dada1c3e9befa1a5a637d4,2026-09-02T10:23:55Z,https://power.larc.nasa.gov/api/temporal/daily/regional?latitude-min=20.0&latitude-max=22.0&longitude-min=72.6&longitude-max=80.9&start=20190101&end=20191231&parameters=WS10M_MAX&community=AG&format=CSV [final-fixed-cfg],615512
nasa,C:\Users\hp\Downloads\SIH2026\data\raw\nasa\nasa_power_daily_WS10M_MAX_b2_2020.csv,e0bbce528d3f3ffaef01b7f77ed5e07930e16e337083692b1871c64c4b5dc105,2026-09-02T10:23:55Z,https://power.larc.nasa.gov/api/temporal/daily/regional?latitude-min=20.0&latitude-max=22.0&longitude-min=72.6&longitude-max=80.9&start=20200101&end=20201231&parameters=WS10M_MAX&community=AG&format=CSV [final-fixed-cfg],617186
nasa,C:\Users\hp\Downloads\SIH2026\data\raw\nasa\nasa_power_daily_WS10M_MAX_b2_2021.csv,4e405c3a946edacd37a57cc5df37280e6bc34e1b64931674c9afac9564f580a5,2026-09-02T10:23:55Z,https://power.larc.nasa.gov/api/temporal/daily/regional?latitude-min=20.0&latitude-max=22.0&longitude-min=72.6&longitude-max=80.9&start=20210101&end=20211231&parameters=WS10M_MAX&community=AG&format=CSV [final-fixed-cfg],615573
nasa,C:\Users\hp\Downloads\SIH2026\data\raw\nasa\nasa_power_daily_WS10M_MAX_b2_2022.csv,8ad8d387286fc3ee203166751778e9ef97738535b845ba9c7146d055ccff335a,2026-09-02T10:23:55Z,https://power.larc.nasa.gov/api/temporal/daily/regional?latitude-min=20.0&latitude-max=22.0&longitude-min=72.6&longitude-max=80.9&start=20220101&end=20221231&parameters=WS10M_MAX&community=AG&format=CSV [final-fixed-cfg],615412
nasa,C:\Users\hp\Downloads\SIH2026\data\raw\nasa\nasa_power_daily_WS10M_MAX_b2_2023.csv,c42a75fd5af7d9b860199c1d6fc5100d94f0e09e71be28d6e64b3bfcd06aed78,2026-09-02T10:23:55Z,https://power.larc.nasa.gov/api/temporal/daily/regional?latitude-min=20.0&latitude-max=22.0&longitude-min=72.6&longitude-max=80.9&start=20230101&end=20231231&parameters=WS10M_MAX&community=AG&format=CSV [final-fixed-cfg],615542
nasa,C:\Users\hp\Downloads\SIH2026\data\raw\nasa\nasa_power_daily_WS10M_MAX_b2_2024.csv,5c8e125710c0d1d3589bcecf3d669c0fa3892b13521ff65113c9dc4acbef45bf,2026-09-02T10:23:55Z,https://power.larc.nasa.gov/api/temporal/daily/regional?latitude-min=20.0&latitude-max=22.0&longitude-min=72.6&longitude-max=80.9&start=20240101&end=20241231&parameters=WS10M_MAX&community=AG&format=CSV [final-fixed-cfg],617210
imd,C:\Users\hp\Downloads\SIH2026\data\raw\imd\ind2015_rfp25.nc,c276ce7ebff1d74d79123a7c777d9ef61c3c5765aa3b6db464ff6224b30a3926,2026-09-02T09:49:10Z,https://www.imdpune.gov.in/cmpg/Griddata/RF25.php,25431832
imd,C:\Users\hp\Downloads\SIH2026\data\raw\imd\ind2016_rfp25.nc,e5b0ba1feb2bf10a3347091867237b1c480a71cbd8087037ef846e4346cbcdef,2026-09-02T09:50:48Z,https://www.imdpune.gov.in/cmpg/Griddata/RF25.php,25501500
imd,C:\Users\hp\Downloads\SIH2026\data\raw\imd\ind2017_rfp25.nc,49786e2d2b661c5d3bcfb3ffd90385c1133ec27a8a04bf272ff2df5029106a9c,2026-09-02T09:52:08Z,https://www.imdpune.gov.in/cmpg/Griddata/RF25.php,25431832
imd,C:\Users\hp\Downloads\SIH2026\data\raw\imd\ind2018_rfp25.nc,26bd53aeb2d6f3f7d39516c41606db005dede474906b33462d1a0caef69cd6ec,2026-09-02T09:53:02Z,https://www.imdpune.gov.in/cmpg/Griddata/RF25.php,25431832
imd,C:\Users\hp\Downloads\SIH2026\data\raw\imd\ind2019_rfp25.nc,c551c563b3514d492a2de94c706c1c254d5826656738b4a8e7dbd83841344a5b,2026-09-02T09:53:54Z,https://www.imdpune.gov.in/cmpg/Griddata/RF25.php,25431832
imd,C:\Users\hp\Downloads\SIH2026\data\raw\imd\ind2020_rfp25.nc,2e567f0f71f3a1936ba11d61a0214fc3927c7b969ee5669d14959aa0b6b026dc,2026-09-02T09:55:00Z,https://www.imdpune.gov.in/cmpg/Griddata/RF25.php,25501500
imd,C:\Users\hp\Downloads\SIH2026\data\raw\imd\ind2021_rfp25.nc,fb0f291fa7e214a7811023a9309cead67233b6b4e0bfcc5b277643f976f68374,2026-09-02T09:56:24Z,https://www.imdpune.gov.in/cmpg/Griddata/RF25.php,25431832
imd,C:\Users\hp\Downloads\SIH2026\data\raw\imd\ind2022_rfp25.nc,83ae0d4e48f3a408eec3b54844476d406faf70928dc13c79f0bd085e3b0224b8,2026-09-02T09:57:38Z,https://www.imdpune.gov.in/cmpg/Griddata/RF25.php,25431832
imd,C:\Users\hp\Downloads\SIH2026\data\raw\imd\ind2023_rfp25.nc,1fa0cbcb56769fd3cd2702e36dc3ee1b81b74755b77c7f058c70dfc3afb82831,2026-09-02T09:58:41Z,https://www.imdpune.gov.in/cmpg/Griddata/RF25.php,25431832
imd,C:\Users\hp\Downloads\SIH2026\data\raw\imd\ind2024_rfp25.nc,1ef02aeba5694dbb57a6cca23a3c2cc11740affb185137c1eacbeab59893228a,2026-09-02T10:00:36Z,https://www.imdpune.gov.in/cmpg/Griddata/RF25.php,25501532
chirps,C:\Users\hp\Downloads\SIH2026\data\raw\chirps\chirps_v3.0_rnl_2015_pilot.nc,d71b6c87dd5b48dde491962fa41a4e22ccfa8a533a6bb2610df20a5b61a0eb5b,2026-09-02T10:15:23Z,COG range-read (pilot bbox),55397791
"chirps","C:\Users\hp\Downloads\SIH2026\data\raw\chirps\chirps_v3.0_rnl_2016_pilot.nc","f17978be4237a127af7bab3b41ab0fad599d9c4d00be96a14b3e1acf5ee118b9","2026-09-02T10:29:24Z","COG range-read (pilot bbox)","55549527"
